"번호","개방서비스명","개방서비스아이디","개방자치단체코드","관리번호","인허가일자","인허가취소일자","영업상태구분코드","영업상태명","상세영업상태코드","상세영업상태명","폐업일자","휴업시작일자","휴업종료일자","재개업일자","소재지전화","소재지면적","소재지우편번호","소재지전체주소","도로명전체주소","도로명우편번호","사업장명","최종수정시점","데이터갱신구분","데이터갱신일자","업태구분명","좌표정보x(epsg5174)","좌표정보y(epsg5174)","환경업무구분명","업종구분명","종별명","주생산품명","배출시설조업시간","배출시설연간가동일수","방지시설조업시간","방지시설연간가동일수","사업자등록번호",
"1","대기오염물질배출시설설치사업장","09_30_08_P","5530000","553000021202600006","2026-01-23","","01","영업/정상","11","영업","","","","","02-2204-7883","","","경기도 화성시 양감면 신왕리 1995","경기도 화성시 양감면 요당길320번길 52","18633","기산바이오텍(주)","2026-01-23 11:17:33","I","2026-01-25 00:20:02","유기질 비료 및 상토 제조업","","","대기배출업소관리","유기질 비료 및 상토 제조업","4종","유기질 비료,
상토(토양 개량제)","8","300","8","300","4258103243",
"2","대기오염물질배출시설설치사업장","09_30_08_P","4980000","498000021202600001","2026-01-23","","01","영업/정상","11","영업","","","","","061-393-2036","","","전라남도 장성군 서삼면 송현리 98 외10필지","","","(주)장성정곡","2026-01-23 10:04:30","I","2026-01-25 00:20:02","곡물 도정업","179613.082837438","205661.857066916","대기배출업소관리","곡물 도정업","5종","백미","8","150","8","150","7378802961",
"3","대기오염물질배출시설설치사업장","09_30_08_P","5380000","538000021202600005","2026-01-21","","01","영업/정상","11","영업","","","","","051-510-8122","","","경상남도 양산시 물금읍 범어리 2762-1 부산대학교양산캠퍼스, 비임상자원연구동","경상남도 양산시 물금읍 부산대학로 49, 부산대학교양산캠퍼스, 비임상자원연구동","50612","부산대학교 양산캠퍼스","2026-01-23 11:09:37","I","2026-01-25 00:20:02","대학교","382412.860354693","204706.94504136","대기배출업소관리","대학교","5종","","9","131","9","131","6218300678",
"4","대기오염물질배출시설설치사업장","09_30_08_P","3910000","391000021202500053","2026-01-23","","01","영업/정상","11","영업","","","","","","","","경기도 평택시 서탄면 내천리 612-2","경기도 평택시 서탄면 내천길 211, 2동","17700","에이치제이테크","2026-01-23 11:09:04","I","2026-01-25 00:20:02","","200569.95782933","402271.59148158","대기배출업소관리","","5종","","24","0","","300","8801102939",
"5","대기오염물질배출시설설치사업장","09_30_08_P","5060000","506000021202600001","2026-01-23","","01","영업/정상","11","영업","","","","","","","","경상북도 김천시 남면 부상리","경상북도 김천시 남면 사모실길 48","","(주)윈맥스","2026-01-23 10:19:40","I","2026-01-25 00:20:02","폐기물 처리업","313171.385522714","286927.077366654","대기배출업소관리","폐기물 처리업","5종","","8","300","8","300","4318603485",
"6","대기오염물질배출시설설치사업장","09_30_08_P","6300000","630000001202600003","2026-01-23","","01","영업/정상","01","영업","","","","","0426716701","","","대전광역시 유성구 신동 658-4","대전광역시 유성구 국제과학로 46 (신동)","34000","밥스 주식회사","2026-01-23 17:01:43","I","2026-01-25 00:20:02","","","","대기배출업소관리","평판디스플레이 제조용 기계 제조업","5종","","0","0","0","0","3378600473",
"7","대기오염물질배출시설설치사업장","09_30_08_P","4020000","402000021202600001","2026-01-21","","01","영업/정상","11","영업","","","","","031-477-1373","","","경기도 군포시 당정동 506-4 1층","경기도 군포시 봉성로 82-10, 1층 (당정동)","15850","우리정밀(2공장)","2026-01-23 10:37:38","I","2026-01-25 00:20:02","포장용 플라스틱 성형용기 제조업","195804.6404308","427708.050186515","대기배출업소관리","포장용 플라스틱 성형용기 제조업","5종","플라스틱 포장용기","8","312","","0","1232977119",
"8","대기오염물질배출시설설치사업장","09_30_08_P","6280000","628000001199900060","2012-05-03","","01","영업/정상","01","영업","","","","","0328218430","","","인천광역시 남동구 고잔동 638번지 1호","인천광역시 남동구 남동대로215번길 11 (고잔동)","21633","한국교세라정공(주)","2026-01-22 10:00:16","U","2026-01-25 02:40:00","","173018.349902827","433584.228480144","대기배출업소관리","톱 및 호환성공구 제조업","4종","공구","16","260","16","260","1378120710",
"9","대기오염물질배출시설설치사업장","09_30_08_P","5530000","553000021200900021","2009-02-17","","01","영업/정상","11","영업","","","","","031-222-3962","","","경기도 화성시 배양동 69-393","경기도 화성시 융건로106번길 33 (배양동)","","우리P&C","2026-01-23 16:43:46","U","2026-01-25 02:40:00","금속표시판 제조업","199255.679691712","413000.424175032","대기배출업소관리","금속표시판 제조업","5종","","8","300","8","300","6122962061",
"10","대기오염물질배출시설설치사업장","09_30_08_P","6430000","643000001201600062","2017-01-11","","01","영업/정상","01","영업","","","","","0312748431","","","","충청북도 진천군 덕산면 신척산단1로 35","27850","이노레스(주)","2026-01-23 17:07:11","U","2026-01-25 02:40:00","","242863.83657968","380759.888421247","대기배출업소관리","반도체 제조용 기계 제조업","5종","B.S.V plate","8","300","0","0","1248640559",
"11","대기오염물질배출시설설치사업장","09_30_08_P","6310000","631000001201100009","2011-11-29","","01","영업/정상","01","영업","","","","","","","","울산광역시 남구 여천동   260번지 1호","울산광역시 남구 납도로 64 (여천동)","680-090","인성에이앤티(주)울산유화공장","2026-01-23 18:14:51","U","2026-01-25 02:40:00","","413981.989915348","226332.60980031","대기배출업소관리","비금속 광물제품 제조업","5종","아스팔트제품","8","300","0","0","6108543083",
"12","대기오염물질배출시설설치사업장","09_30_08_P","6310000","631000001200400176","2004-04-09","","01","영업/정상","01","영업","","","","","0522282321","","","울산광역시 남구 용연동 488-1","울산광역시 남구 용연로 184 (용연동)","44784","마이크로웍스(주)","2026-01-23 18:10:33","U","2026-01-25 02:40:00","","413977.601697351","222309.627360782","대기배출업소관리","플라스틱 필름, 시트 및 판 제조업","4종","","24","360","0","0","6108162952",
"13","대기오염물질배출시설설치사업장","09_30_08_P","6470000","647000001201400010","2014-02-04","","01","영업/정상","01","영업","","","","","0542900714","","","경상북도 포항시남구 청림동   1번지 143호","경상북도 포항시 남구 신항로 110 (청림동)","","(주)포스코퓨처엠","2026-01-23 14:47:54","U","2026-01-25 02:40:00","","417857.028325023","280670.33074735","대기배출업소관리","내화 요업제품 제조업","1종","내화물","24","360","0","0","5068101452",
"14","대기오염물질배출시설설치사업장","09_30_08_P","6310000","631000001201700031","2017-11-17","","01","영업/정상","01","영업","","","","","0522396717","","","울산광역시 울주군 온산읍 원산리 891-15","울산광역시 울주군 온산읍 원봉로 27","45010","켐코(주)온산공장","2026-01-23 17:08:21","U","2026-01-25 02:40:00","","412559.731379024","215705.096540861","대기배출업소관리","무기안료 및 기타금속산화물 제조업","3종","황산니켈","0","0","0","0","7948500612",
"15","대기오염물질배출시설설치사업장","09_30_08_P","6310000","631000001200400222","2016-09-11","","01","영업/정상","01","영업","","","","","0522593512","","","울산광역시 남구 여천동  363-49번지","울산광역시 남구 납도로 158 (여천동)","680-090","크나우프석고보드(주)","2026-01-23 18:07:24","U","2026-01-25 02:40:00","","413802.80647719","227475.262915902","대기배출업소관리","플라스터 제품 제조업","1종","시멘트","0","0","0","0","4178117256",
"16","대기오염물질배출시설설치사업장","09_30_08_P","6280000","628000001201800050","2018-07-05","","01","영업/정상","01","영업","","","","","0327166920","","","인천광역시 부평구 청천동 414-1","인천광역시 부평구 부평북로178번길 26 (청천동)","21314","(주)와이지-원 부평공장","2026-01-23 17:22:11","U","2026-01-25 02:40:00","","174496.160132677","446594.780069785","대기배출업소관리","톱 및 호환성공구 제조업","5종","앤드밀 외","24","365","0","0","3288500773",
"17","대기오염물질배출시설설치사업장","09_30_08_P","6310000","631000001200800010","2016-12-14","","01","영업/정상","01","영업","","","","","0522397800","","","울산광역시 울주군 온산읍 화산리  332번지","울산광역시 울주군 온산읍 화산3길 34-11","","한국에이에스케이케미칼즈(주)","2026-01-23 17:58:18","U","2026-01-25 02:40:00","","412101.308315069","216742.984518206","대기배출업소관리","그외 기타 분류안된 화학제품 제조업","4종","레진, 마그네？V,마그네","0","0","0","0","6108119265",
"18","대기오염물질배출시설설치사업장","09_30_08_P","6430000","643000001201100031","2017-01-31","","01","영업/정상","01","영업","","","","","0438464851","","","충청북도 충주시 대소원면 본리 600번지","충청북도 충주시 대소원면 첨단산업1로 203","27466","(주)에스쓰리알","2026-01-23 17:08:01","U","2026-01-25 02:40:00","","274423.005302685","388556.42393536","대기배출업소관리","지정외 폐기물 처리업","5종","산화텅스텐 외","8","300","8","300","4038148385",
"19","대기오염물질배출시설설치사업장","09_30_08_P","5690000","569000021202200005","2022-04-25","","01","영업/정상","11","영업","","","","","044-715-7950","","","세종특별자치시 전의면 금사리 25","세종특별자치시 전의면 의당전의로 114-33","30008","농업회사법인 영신푸드(주) 세종지점","2026-01-23 16:48:54","U","2026-01-25 02:40:00","그외 기타 식료품 제조업","215899.12360144","345568.292386842","대기배출업소관리","그외 기타 식료품 제조업","5종","계란후라이 등","8","240","8","240","1058543280",
"20","대기오염물질배출시설설치사업장","09_30_08_P","4390000","439000021202300007","2023-08-07","","04","취소/말소/만료/정지/중지","4","폐쇄","2026-01-22","","","","","","","충청북도 충주시 주덕읍 화곡리 904 번지 외 10필지","","","(주)정","2026-01-23 17:46:44","U","2026-01-25 02:40:00","모래 및 자갈 채취업","270821.694134559","387395.209273039","대기배출업소관리","모래 및 자갈 채취업","5종","모래","8","195","0","0","3038135033",
"21","대기오염물질배출시설설치사업장","09_30_08_P","3740000","375000021202300001","2023-08-25","","01","영업/정상","11","영업","","","","","","","","경기도 수원시 장안구 정자동 911-5","경기도 수원시 장안구 정자로 102 (정자동)","16338","와이씨켐(주) 수원1연구소","2026-01-23 17:56:03","U","2026-01-25 02:40:00","기타 전자부품 제조업","198908.243727293","422218.659065964","대기배출업소관리","기타 전자부품 제조업","5종","","8","240","","0","5048141405",
"22","대기오염물질배출시설설치사업장","09_30_08_P","5540000","554000021202300022","2023-07-12","","01","영업/정상","11","영업","","","","","","","","경기도 광주시 초월읍 선동리 403","경기도 광주시 초월읍 선장동길 45-22","12732","(주)승현하이텍","2026-01-23 16:31:37","U","2026-01-25 02:40:00","기타 인쇄업","228340.277705604","432121.647432366","대기배출업소관리","기타 인쇄업","5종","","8","300","8","300","8498102396",
"23","대기오염물질배출시설설치사업장","09_30_08_P","6300000","630000001201700007","2017-05-08","","01","영업/정상","01","영업","","","","","0428292284","","","대전광역시 유성구 외삼동   52번지 1호","대전광역시 유성구 외삼로8번길 99 (외삼동)","305-156","한화에어로스페이스㈜ 대전사업장","2026-01-23 17:45:40","U","2026-01-25 02:40:00","","228776.724711812","322532.255403784","대기배출업소관리","기타 화학제품 제조업","3종","화약","0","0","0","0","6098102992",
"24","대기오염물질배출시설설치사업장","09_30_08_P","3680000","368000021201300002","2013-03-06","","01","영업/정상","11","영업","","","","","930-3300","","","대전광역시 대덕구 평촌동 266","대전광역시 대덕구 벚꽃길 87 (평촌동)","","(주)라이온첨단소재","2026-01-23 14:57:12","U","2026-01-25 02:40:00","그외 기타 분류안된 화학제품 제조업","238085.584162513","325746.816983434","대기배출업소관리","그외 기타 분류안된 화학제품 제조업","4종","","8","264","12","264","6458802599",
"25","대기오염물질배출시설설치사업장","09_30_08_P","3360000","336000021201500001","2015-01-22","","01","영업/정상","11","영업","","","","","051-972-6322","","","부산광역시 강서구 송정동 1506-5","부산광역시 강서구 녹산산단27로 141 (송정동)","618-817","(주)유진엠씨","2026-01-23 16:23:35","U","2026-01-25 02:40:00","도장 및 기타 피막 처리업","367087.214317004","178923.713085084","대기배출업소관리","도장 및 기타 피막 처리업","4종","","8","300","8","300","6938800187",
"26","대기오염물질배출시설설치사업장","09_30_08_P","4470000","447000021202400029","2024-10-16","","01","영업/정상","11","영업","","","","","0438837978","","","충청북도 음성군 삼성면 청용리 382-1","충청북도 음성군 삼성면 하이텍산단로 28-43","27657","(주)지우환경","2026-01-23 11:22:52","U","2026-01-25 02:40:00","지정 외 폐기물 처리업","241646.526185875","389124.173121043","대기배출업소관리","지정 외 폐기물 처리업","5종","","24","365","24","365","2828803494",
"27","대기오염물질배출시설설치사업장","09_30_08_P","6540000","654000001202400037","2024-10-11","","01","영업/정상","01","영업","","","","","","","","전북특별자치도 군산시 소룡동 466-7 넥세온코리아유한회사","전북특별자치도 군산시 임해로 49, 넥세온코리아유한회사 (소룡동)","54008","넥세온코리아(유)","2026-01-23 16:23:14","U","2026-01-25 02:40:00","","","","대기배출업소관리","그외 기타 분류안된 화학제품 제조업","3종","이차전지 실리콘 음극재","0","0","0","0","8218803057",
"28","대기오염물질배출시설설치사업장","09_30_08_P","5540000","554000021202100055","2021-12-27","","01","영업/정상","11","영업","","","","","0317696310","","","경기도 광주시 곤지암읍 열미리 386-2","경기도 광주시 곤지암읍 열미길 99-22","12717","완전식품","2026-01-23 17:48:36","U","2026-01-25 02:40:00","장류 제조업","231450.353452948","428399.838619343","대기배출업소관리","장류 제조업","5종","","16","348","16","348","1260959427",
"29","대기오염물질배출시설설치사업장","09_30_08_P","3910000","391000021202600001","2026-01-08","","01","영업/정상","11","영업","","","","","","","","경기도 평택시 모곡동 435-2","경기도 평택시 산단로 35-16, B동 일부 (모곡동)","17744","(주)강우건설 평택지점","2026-01-23 13:28:17","U","2026-01-25 02:40:00","","206582.689038627","393002.27611972","대기배출업소관리","","5종","","8","0","","240","8518101560",
"30","대기오염물질배출시설설치사업장","09_30_08_P","3510500","351050021202300004","2023-05-08","","01","영업/정상","11","영업","","","","","0328660602","","","인천광역시 미추홀구 도화동 1011 더샵 인천스카이타워 1단지","인천광역시 미추홀구 숙골로88번길 12, 110동 B2F호 (도화동, 더샵 인천스카이타워 1단지)","22101","앨리웨이 인천","2026-01-23 14:35:17","U","2026-01-25 02:40:00","비주거용 건물 임대업","170309.660233767","440927.748196756","대기배출업소관리","비주거용 건물 임대업","4종","","","0","","360","8358501377",
"31","대기오염물질배출시설설치사업장","09_30_08_P","4090000","409000021202000038","2020-05-15","","01","영업/정상","11","영업","","","","","031-998-9253","","","경기도 김포시 대곶면 송마리 8-35","경기도 김포시 대곶면 대곶북로 205-68","10039","(주)솔루션","2026-01-23 16:38:22","U","2026-01-25 02:40:00","놀이터용 장비 제조업","162672.989350792","462504.860141845","대기배출업소관리","놀이터용 장비 제조업","5종","조합놀이대 부속품","8","300","8","300","1378179977",
"32","대기오염물질배출시설설치사업장","09_30_08_P","3930000","393000021202000036","2020-06-01","","01","영업/정상","11","영업","","","","","031 4942683","","","경기도 안산시 단원구 성곡동 638-7","","","(주)원앤씨","2026-01-23 11:34:17","U","2026-01-25 02:40:00","그외 기타 분류안된 화학제품 제조업","","","대기배출업소관리","그외 기타 분류안된 화학제품 제조업","4종","","8","288","8","288","",
"33","대기오염물질배출시설설치사업장","09_30_08_P","5530000","553000021202100135","2021-10-21","","01","영업/정상","11","영업","","","","","031-831-5560","","","경기도 화성시 장안면 석포리 573-6 574-19,573-12,-15","경기도 화성시 장안면 무봉길 166-79","18574","(주)아이케이인더스트리","2026-01-23 09:43:01","U","2026-01-25 02:40:00","기타 인쇄관련 산업","184663.694572204","403525.155168372","대기배출업소관리","기타 인쇄관련 산업","5종","포장지","8","300","8","300","1438101611",
"34","대기오염물질배출시설설치사업장","09_30_08_P","5670000","567014021202500009","2025-12-05","","01","영업/정상","11","영업","","","","","","","","경상남도 창원시 성산구 신촌동 118-11","경상남도 창원시 성산구 공단로166번길 27-15 (신촌동)","51568","다온","2026-01-23 10:18:42","U","2026-01-25 02:40:00","도장 및 기타 피막 처리업","349640.914964826","191663.722594555","대기배출업소관리","도장 및 기타 피막 처리업","4종","표면처리","10","300","","0","1773501368",
"35","대기오염물질배출시설설치사업장","09_30_08_P","5350000","535000021202503164","2025-11-06","","01","영업/정상","11","영업","","","","","0553453881","","","경상남도 김해시 진례면 담안리 404-22","경상남도 김해시 진례면 고모로364번길 73-5","50875","도현이앤씨","2026-01-23 10:01:50","U","2026-01-25 02:40:00","기타 자동차부품 제조업","361620.670883741","196912.144400135","대기배출업소관리","기타 자동차부품 제조업","5종","자동차부품용 패드","","0","","0","6150445054",
"36","대기오염물질배출시설설치사업장","09_30_08_P","5350000","535000021202503171","2025-12-29","","01","영업/정상","11","영업","","","","","055-346-7754","","","경상남도 김해시 진영읍 의전리 347-4","경상남도 김해시 진영읍 서부로396번길 10","50870","오케이정밀","2026-01-23 17:17:05","U","2026-01-25 02:40:00","금속스프링 제조업","359438.413187044","197901.005857109","대기배출업소관리","금속스프링 제조업","5종","","","0","","0","5652502153",
"37","대기오염물질배출시설설치사업장","09_30_08_P","5710000","573500021202500010","2025-12-08","","01","영업/정상","11","영업","","","","","0432147767","","","충청북도 청주시 청원구 오창읍 가좌리 175-1","충청북도 청주시 청원구 오창읍 오창가좌4길 16","28105","(주)성신산전 2공장","2026-01-23 14:44:21","U","2026-01-25 02:40:00","전기회로 개폐, 보호 장치 제조업","233866.655160711","359409.936992014","대기배출업소관리","전기회로 개폐, 보호 장치 제조업","4종","","12","276","12","276","3178116302",
"38","대기오염물질배출시설설치사업장","09_30_08_P","4960000","496000021202300001","2023-03-02","","01","영업/정상","11","영업","","","","","061-324-7495","","","전라남도 함평군 대동면 백호리 1073-1","전라남도 함평군 대동면 동함평산단길 74-95","57141","오션앤팜테크(주)","2026-01-23 14:35:33","U","2026-01-25 02:40:00","","159071.436859131","173692.922454195","대기배출업소관리","","4종","","24","300","24","300","5078115513",
"39","대기오염물질배출시설설치사업장","09_30_08_P","5530000","553000021202300026","2023-03-10","","01","영업/정상","11","영업","","","","","","","","경기도 화성시 정남면 망월리 291-12 B동","경기도 화성시 정남면 정남동로325번길 10, B동","18514","현테크","2026-01-23 10:36:55","U","2026-01-25 02:40:00","플라스틱  적층, 도포 및 기타 표면처리 제품 제조업","200625.429174249","405232.04447113","대기배출업소관리","플라스틱  적층, 도포 및 기타 표면처리 제품 제조업","4종","플라스틱도장품","8","300","8","300","2380501915",
"40","대기오염물질배출시설설치사업장","09_30_08_P","4520000","452000021202400002","2024-01-25","","01","영업/정상","11","영업","","","","","","","","충청남도 아산시 탕정면 용두리 7","충청남도 아산시 탕정면 탕정테크노산단로 160-9","31449","한화이센셜(주)","2026-01-23 13:05:11","U","2026-01-25 02:40:00","그 외 기타 전자 부품 제조업","203433.70959569","369976.715267126","대기배출업소관리","그 외 기타 전자 부품 제조업","3종","","24","365","24","365","1048702238",
"41","대기오염물질배출시설설치사업장","09_30_08_P","6410000","641000001200401423","2008-01-21","","03","폐업","02","폐업","2026-01-23","","","","0314993200","","","경기도 시흥시 정왕동  1375-11 시화공단 3라 729","","","한국중전기(주)","2026-01-23 09:51:58","U","2026-01-25 02:40:00","","","","대기배출업소관리","전동기 및 발전기 제조업","5종","","12","300","0","0","",
"42","대기오염물질배출시설설치사업장","09_30_08_P","5530000","553000021201500289","2016-01-08","","01","영업/정상","11","영업","","","","","0313527150","","","경기도 화성시 정남면 보통리 141-39","경기도 화성시 정남면 세자로 286, 286-1","18516","(주)라비돌","2026-01-23 16:44:05","U","2026-01-25 02:40:00","골프장 운영업","198449.906260848","409841.049535703","대기배출업소관리","골프장 운영업","4종","","24","300","","300","1248123064",
"43","대기오염물질배출시설설치사업장","09_30_08_P","6430000","643000001202000045","2020-08-21","","01","영업/정상","01","영업","","","","","","","","충청북도 충주시 대소원면 본리 638번지","충청북도 충주시 대소원면 첨단산업1로 137","27466","에스제이지이브이 주식회사","2026-01-23 17:06:49","U","2026-01-25 02:40:00","","273973.021802609","387933.889277389","대기배출업소관리","그외 기타 자동차 부품 제조업","3종","수소연료전지 금속분리판","24","330","24","330","8438101763",
"44","대기오염물질배출시설설치사업장","09_30_08_P","3530000","353000021202100011","2021-07-07","","01","영업/정상","11","영업","","","","","032-422-8476","","","인천광역시 남동구 고잔동 141-12","인천광역시 남동구 청능대로484번길 28-14, B동 (고잔동)","21686","㈜제이엘이 인천고잔지점","2026-01-23 09:55:10","U","2026-01-25 02:40:00","금속원료 재생업","174577.801184168","432898.523705347","대기배출업소관리","금속원료 재생업","5종","","","0","","0","1318648786",
"45","대기오염물질배출시설설치사업장","09_30_08_P","4450000","445000021202100017","2021-07-30","","01","영업/정상","11","영업","","","","","070-7525-8346","","","충청북도 진천군 이월면 미잠리 554 삼목에스폼(주)","충청북도 진천군 이월면 중미로 539, 삼목에스폼(주)","27816","(주)진주","2026-01-23 16:22:41","U","2026-01-25 02:40:00","육상 금속 골조 구조재 제조업","241248.915493386","380961.695569902","대기배출업소관리","육상 금속 골조 구조재 제조업","4종","","8","240","8","240","3988103989",
"46","대기오염물질배출시설설치사업장","09_30_08_P","5380000","538000021202100016","2021-07-23","","01","영업/정상","11","영업","","","","","055-370-0978","","","경상남도 양산시 북정동 259-5","경상남도 양산시 양산대로 1077 (북정동)","50571","주식회사 디엔오토모티브 양산3공장","2026-01-23 14:30:40","U","2026-01-25 02:40:00","자동차 부품 제조업","385560.239851944","209335.869930849","대기배출업소관리","자동차 부품 제조업","1종","","22","22","300","300","5838501762",
"47","대기오염물질배출시설설치사업장","09_30_08_P","3180000","318000021202500002","2025-10-02","","01","영업/정상","11","영업","","","","","02-2090-8343","","","서울특별시 영등포구 여의도동 28-3 여의도파크센터","서울특별시 영등포구 여의대로 8, 여의도파크센터 (여의도동)","07320","(주)에이비디에셋","2026-01-23 12:21:23","U","2026-01-25 02:40:00","호텔업","192739.314354154","446552.469845648","대기배출업소관리","호텔업","4종","","","0","","365","1078694652",
"48","대기오염물질배출시설설치사업장","09_30_08_P","3020000","302000021202500007","2025-07-29","","04","취소/말소/만료/정지/중지","4","폐쇄","2026-01-23","","","","","","","서울특별시 용산구 한강로1가 1-1","서울특별시 용산구 한강대로 237 (한강로1가)","04322","에코필(캠프킴 및 주변지역 토양정화시설)","2026-01-23 17:56:06","U","2026-01-25 02:40:00","토양 및 지하수 정화업","197496.659291506","448505.625404648","대기배출업소관리","토양 및 지하수 정화업","5종","","8","100","8","100","1358137118",
"49","대기오염물질배출시설설치사업장","09_30_08_P","3730000","373000021202500010","2025-07-30","","01","영업/정상","11","영업","","","","","","","","울산광역시 울주군 웅촌면 고연리 477-24","울산광역시 울주군 웅촌면 반계길 24","44968","주식회사 풀빅","2026-01-23 15:44:17","U","2026-01-25 02:40:00","","397065.707565947","218189.194016846","대기배출업소관리","","5종","","","0","","330","",
"50","대기오염물질배출시설설치사업장","09_30_08_P","4040000","404000021202200003","2022-12-30","","01","영업/정상","11","영업","","","","","02-428-4227","","","경기도 하남시 광암동 401-1","경기도 하남시 초광산단동로 6, 3,4,5층 (광암동)","12989","서하남서비스 기아오토큐","2026-01-23 16:47:58","U","2026-01-25 02:40:00","자동차 종합 수리업","215193.296037514","447354.17966373","대기배출업소관리","자동차 종합 수리업","4종","","8","300","7","300","4076200140",
"51","대기오염물질배출시설설치사업장","09_30_08_P","5450000","545000021202200002","2022-12-01","","01","영업/정상","11","영업","","","","","055-973-0022","","","경상남도 산청군 생비량면 도리 421","경상남도 산청군 생비량면 비량로161번길 145-14","52256","주식회사 세강","2026-01-23 15:47:20","U","2026-01-25 02:40:00","건설용 석재 채굴 및 쇄석 생산업","294932.374620818","207282.898038343","대기배출업소관리","건설용 석재 채굴 및 쇄석 생산업","4종","골재, 석분","8","300","","300","6138149865",
"52","대기오염물질배출시설설치사업장","09_30_08_P","4681000","468100021201600006","2016-04-25","","01","영업/정상","11","영업","","","","","850-5324","","","전북특별자치도 익산시 신동 272","전북특별자치도 익산시 익산대로 460 (신동, 원광대학교)","","원광대학교","2026-01-23 15:35:54","U","2026-01-25 02:40:00","","196147.777505417","274170.300974594","대기배출업소관리","","5종","","8","240","8","240","4038200258",
"53","대기오염물질배출시설설치사업장","09_30_08_P","4641000","465100021202000002","2020-09-28","","01","영업/정상","11","영업","","","","","","","","전북특별자치도 전주시 완산구 중앙동3가 23-2 예작스튜디오","전북특별자치도 전주시 완산구 전라감영4길 20-4, 예작스튜디오 3층 (중앙동3가)","55038","주식회사 전주호텔 더프라임","2026-01-23 14:44:40","U","2026-01-25 02:40:00","부동산업","213015.72911916","257466.376084386","대기배출업소관리","부동산업","4종","부동산업","24","365","24","365","6998700062",
"54","대기오염물질배출시설설치사업장","09_30_08_P","4610000","461000021202100005","2021-05-07","","01","영업/정상","11","영업","","","","","031-491-0761","","","충청남도 예산군 응봉면 주령리 406","충청남도 예산군 응봉면 산단1길 66","32446","삼보오토(주)","2026-01-23 13:18:59","U","2026-01-25 02:40:00","자동차 엔진용 부품 제조업","177796.505829552","352017.341900333","대기배출업소관리","자동차 엔진용 부품 제조업","3종","자동차부품(기어박스외)","24","300","24","300","1348192156",
"55","대기오염물질배출시설설치사업장","09_30_08_P","4090000","409000021202100046","2021-06-22","","04","취소/말소/만료/정지/중지","4","폐쇄","2026-01-22","","","","031-998-4289","","","경기도 김포시 양촌읍 학운리 1810","경기도 김포시 양촌읍 삼도로 30 (학운리 1810)","10049","(주)엔우드","2026-01-23 09:17:32","U","2026-01-25 02:40:00","기타 건축용 나무제품 제조업","163196.306673389","455943.417776401","대기배출업소관리","기타 건축용 나무제품 제조업","4종","판재,집성판재","8","300","8","300","1378643760",
"56","대기오염물질배출시설설치사업장","09_30_08_P","5530000","553000021200000501","2005-06-20","","01","영업/정상","11","영업","","","","","031-357-0350","","","경기도 화성시 남양읍 무송리 470-19","경기도 화성시 남양읍 무하로 70-15","18279","두림야스카와(주)","2026-01-23 13:05:41","U","2026-01-25 02:40:00","산업용 로봇 제조업","186858.748870119","408731.916024367","대기배출업소관리","산업용 로봇 제조업","5종","","8","200","8","200","1348136509",
"57","대기오염물질배출시설설치사업장","09_30_08_P","5530000","553000021200300054","2005-10-24","","04","취소/말소/만료/정지/중지","4","폐쇄","2026-01-22","","","","03135400830","","","경기도 화성시 양감면 대양리 698","경기도 화성시 양감면 제약단지로 176-14","","(주)팀내쇼날","2026-01-23 09:32:43","U","2026-01-25 02:40:00","","193547.267439289","398463.652816438","대기배출업소관리","","5종","","8","300","8","300","4091984500",
"58","대기오염물질배출시설설치사업장","09_30_08_P","5530000","553000021198600269","2003-01-02","","01","영업/정상","11","영업","","","","","031-352-2278","","","경기도 화성시 정남면 관항리 245-2","경기도 화성시 정남면 관항길 178-24","445-963","개나리벽지(주)","2026-01-23 15:00:52","U","2026-01-25 02:40:00","","197198.077390437","408576.595326302","대기배출업소관리","","4종","","24","250","24","250","2148712576",
"59","대기오염물질배출시설설치사업장","09_30_08_P","3910000","391000021198400004","1984-02-27","","01","영업/정상","11","영업","","","","","667-2201","","","경기도 평택시 진위면 가곡리 538-3","경기도 평택시 진위면 경기대로 1952","451-861","롯데웰푸드(주)평택공장","2026-01-23 15:28:41","U","2026-01-25 02:40:00","빵류 및 곡분과자 제조업","205787.798224382","401787.338893574","대기배출업소관리","빵류 및 곡분과자 제조업","3종","과자","20","260","24","365","1868100924",
"60","대기오염물질배출시설설치사업장","09_30_08_P","4520000","452000021201000038","2010-12-20","","01","영업/정상","11","영업","","","","","","","","충청남도 아산시 염치읍 서원리 81-26","충청남도 아산시 염치읍 아산로671번길 5-35","31441","(주)씨에스켐텍","2026-01-23 13:20:40","U","2026-01-25 02:40:00","치약, 비누 및 기타 세제 제조업","196727.377568534","370065.971903294","대기배출업소관리","치약, 비누 및 기타 세제 제조업","5종","고농축분말세제","8","230","8","230","1348617337",
"61","대기오염물질배출시설설치사업장","09_30_08_P","4520000","452000021200300037","2003-10-21","","01","영업/정상","11","영업","","","","","041-539-0400","","","충청남도 아산시 염치읍 방현리 218-1","충청남도 아산시 염치읍 충무로 478-20","336-814","(주)원지","2026-01-23 13:10:59","U","2026-01-25 02:40:00","기타 인쇄업","201172.832567184","368933.451104465","대기배출업소관리","기타 인쇄업","3종","식품포장지 외","24","365","24","365","1198108377",
"62","대기오염물질배출시설설치사업장","09_30_08_P","4580000","458000021201500001","2015-12-24","","01","영업/정상","11","영업","","","","","041-950-3012","","","","충청남도 서천군 서면 월하성길 74-87","33602","(주)대일인터내셔널하스피탈리티그룹","2026-01-23 13:48:26","U","2026-01-25 02:40:00","","160090.774724438","292578.858653385","대기배출업소관리","","5종","","8","120","8","120","1078558227",
"63","대기오염물질배출시설설치사업장","09_30_08_P","3170000","317000021200800020","2008-11-14","","01","영업/정상","11","영업","","","","","8937233","","","서울특별시 금천구 독산동 332-19","서울특별시 금천구 범안로11길 10 (독산동)","153-814","대진자동차공업사","2026-01-23 17:11:42","U","2026-01-25 02:40:00","자동차 종합 수리업","190362.406893847","440557.826526695","대기배출업소관리","자동차 종합 수리업","5종","","8","300","8","300","7870400406",
"64","대기오염물질배출시설설치사업장","09_30_08_P","4520000","452000021201700001","2017-01-13","","01","영업/정상","11","영업","","","","","","","","충청남도 아산시 영인면 신봉리 498","충청남도 아산시 영인면 신봉길 148","31422","(주)시너스","2026-01-23 13:04:17","U","2026-01-25 02:40:00","폐기물 처리업","198733.865779424","377352.898181664","대기배출업소관리","폐기물 처리업","5종","","24","365","24","365","3128676256",
"65","대기오염물질배출시설설치사업장","09_30_08_P","3120000","312000021201500019","2015-12-29","","01","영업/정상","11","영업","","","","","32772953","","","","서울특별시 서대문구 이화여대길 52 (대현동, 이화여자대학교)","03760","이화여자대학교","2026-01-23 17:33:14","U","2026-01-25 02:40:00","대학교","195287.766418517","451143.789306014","대기배출업소관리","대학교","3종","","","0","","0","1108201016",
"66","대기오염물질배출시설설치사업장","09_30_08_P","3420000","342000021201400003","2014-05-19","","01","영업/정상","11","영업","","","","","053-965-8845","","","대구광역시 동구 각산동 293-10","대구광역시 동구 안심로59길 24 (각산동)","41081","유한회사 창","2026-01-23 15:48:32","U","2026-01-25 02:40:00","","355167.413806314","264512.637896381","대기배출업소관리","","5종","","5","280","5","280","5028623027",
"67","대기오염물질배출시설설치사업장","09_30_08_P","3420000","342000021201500002","2015-02-17","","01","영업/정상","11","영업","","","","","","","","대구광역시 동구 동호동 205-1","대구광역시 동구 안심로 285 (동호동)","701-848","혁신자동차정비검사소","2026-01-23 15:48:24","U","2026-01-25 02:40:00","자동차 종합 수리업","354932.301591554","264283.407758037","대기배출업소관리","자동차 종합 수리업","4종","","6","300","6","300","5023486421",
"68","대기오염물질배출시설설치사업장","09_30_08_P","3620000","362000021200400015","2004-05-03","","01","영업/정상","11","영업","","","","","269-4949","","","광주광역시 북구 오치동 857-7","광주광역시 북구 설죽로370번길 10-17 (오치동)","","북구종합정비마을자동차공업사","2026-01-23 06:30:40","U","2026-01-25 02:40:00","자동차 수리업","190878.01888608","188083.27211125","대기배출업소관리","자동차 수리업","5종","도색차량","0","0","0","0","4091468655",
"69","대기오염물질배출시설설치사업장","09_30_08_P","4540000","454000021201500004","2015-05-26","","01","영업/정상","11","영업","","","","","041-742-0401","","","충청남도 논산시 연무읍 동산리 978","충청남도 논산시 연무읍 동산산업단지로 78","33010","(주)시온텍","2026-01-23 12:52:11","U","2026-01-25 02:40:00","혼성 및 재생 플라스틱 소재 물질 제조업","212091.800569168","292066.587732766","대기배출업소관리","혼성 및 재생 플라스틱 소재 물질 제조업","5종","","8","240","8","240","5608500095",
"70","대기오염물질배출시설설치사업장","09_30_08_P","5600000","560000021200100001","2000-12-29","","01","영업/정상","11","영업","","","","","5412951","","","경기도 포천시 선단동 308-30","경기도 포천시 호국로1145번길 123-11 (선단동)","11158","선우산업㈜","2026-01-23 17:59:27","U","2026-01-25 02:40:00","배전반 및 전기자동제어반 제조업","214182.895127612","484351.489952106","대기배출업소관리","배전반 및 전기자동제어반 제조업","5종","배전반","8","300","8","300","",
"71","대기오염물질배출시설설치사업장","09_30_08_P","5350000","535000021201311052","2013-12-03","","01","영업/정상","11","영업","","","","","","","","경상남도 김해시 상동면 우계리 75","경상남도 김해시 상동면 묵방로 62","621-816","용광수지","2026-01-23 15:45:56","U","2026-01-25 02:40:00","비금속류 원료 재생업","373774.159393146","201114.084573232","대기배출업소관리","비금속류 원료 재생업","5종","","","0","","0","6210253822",
"72","대기오염물질배출시설설치사업장","09_30_08_P","5600000","560000021199400389","1994-11-05","","01","영업/정상","11","영업","","","","","544-3800","","","경기도 포천시 가산면 금현리 184-2 ,-4,-5,185-1,186-1,187-1,188","경기도 포천시 가산면 정금로 509-9","487-813","에스와이우리레미콘(주)","2026-01-23 18:07:25","U","2026-01-25 02:40:00","레미콘 제조업","217843.588054256","480882.430983017","대기배출업소관리","레미콘 제조업","5종","레미콘","8","300","","0","1278166892",
"73","대기오염물질배출시설설치사업장","09_30_08_P","5670000","567014021201500007","2015-10-19","","01","영업/정상","11","영업","","","","","055-280-4630","","","경상남도 창원시 성산구 성산동 59","경상남도 창원시 성산구 성산패총로 9 (성산동)","51575","한화모멘텀주식회사","2026-01-23 22:23:40","U","2026-01-25 02:40:00","특수 목적용 기계 제조업","352108.23759039","190022.613806737","대기배출업소관리","특수 목적용 기계 제조업","5종","산업용기계","24","100","","0","4358802880",
"74","대기오염물질배출시설설치사업장","09_30_08_P","3360000","336000021201100017","2011-04-29","","01","영업/정상","11","영업","","","","","051-832-5657","","","부산광역시 강서구 송정동 1735-2 부산청정도금센터113호,213호","부산광역시 강서구 녹산산단382로14번가길 20 (송정동)","618-270","(주)다온테크","2026-01-23 11:04:40","U","2026-01-25 02:40:00","도금업","369030.767256642","177890.74782732","대기배출업소관리","도금업","4종","","16","300","16","300","8638700305",
"75","대기오염물질배출시설설치사업장","09_30_08_P","4390000","439000021202200018","2022-10-21","","04","취소/말소/만료/정지/중지","4","폐쇄","2026-01-22","","","","","","","충청북도 충주시 주덕읍 장록리 72-12 번지 외 9필지","","","(주)영성","2026-01-23 17:46:31","U","2026-01-25 02:40:00","모래 및 자갈 채취업","268555.798235667","389395.015390389","대기배출업소관리","모래 및 자갈 채취업","5종","","8","195","","0","2768601895",
"76","대기오염물질배출시설설치사업장","09_30_08_P","4711000","471100021200700002","2007-01-25","","01","영업/정상","11","영업","","","","","063-545-7878","","","전북특별자치도 김제시 백산면 수록리 972","전북특별자치도 김제시 백산면 대동공단2길 38","","주식회사 한국몰드 김제","2026-01-23 17:10:02","U","2026-01-25 02:40:00","자동차 차체용 신품 부품 제조업","187508.179793722","261039.841891098","대기배출업소관리","자동차 차체용 신품 부품 제조업","3종","","24","300","24","300","8338600160",
"77","대기오염물질배출시설설치사업장","09_30_08_P","6540000","654000001199700030","2010-06-09","","01","영업/정상","01","영업","","","","","0634415693","","","전북특별자치도 군산시 오식도동 502-1 ㈜KHE","전북특별자치도 군산시 자유무역3길 19, ㈜KHE(오식도동)","54001","에스앤티에너지(주)","2026-01-23 08:57:52","U","2026-01-25 02:40:00","","159341.785462487","274105.294112353","대기배출업소관리","증류기,열교환기 및 가스발생기 제조업","2종",".","0","0","0","0","",
"78","대기오염물질배출시설설치사업장","09_30_08_P","6540000","654000001201500092","2016-11-10","","01","영업/정상","01","영업","","","","","0634604261","","","","전북특별자치도 군산시 외항1길 296 (소룡동)","573-879","(주)엘엑스글라스 군산공장","2026-01-23 09:23:28","U","2026-01-25 02:40:00","","167653.787503633","274946.2289083","대기배출업소관리","유리 및 유리제품 제조업","1종","","0","0","0","0","",
"79","대기오염물질배출시설설치사업장","09_30_08_P","6540000","654000001201400021","2015-02-08","","01","영업/정상","01","영업","","","","","0634605114","","","","전북특별자치도 군산시 외항1길 56 (소룡동)","573-879","(주)유니드비티플러스","2026-01-23 09:10:54","U","2026-01-25 02:40:00","","170001.497494242","275702.721482346","대기배출업소관리","강화 및 재생 목재 제조업","1종","목재","0","0","0","0","",
"80","대기오염물질배출시설설치사업장","09_30_08_P","6540000","654000001201900053","2019-11-26","","01","영업/정상","01","영업","","","","","0542789484","","","전북특별자치도 군산시 오식도동 873-8","전북특별자치도 군산시 자유무역로 35 (오식도동)","54002","(주)피지티","2026-01-23 09:38:55","U","2026-01-25 02:40:00","","159079.55057509","271964.684245538","대기배출업소관리","합성염료, 유연제 및 기타착색제 제조업","4종","염료 조제","0","0","0","0","",
"81","대기오염물질배출시설설치사업장","09_30_08_P","6540000","654000001201400178","2014-08-22","","01","영업/정상","01","영업","","","","","0632102806","","","","전북특별자치도 전주시 덕진구 기린대로 787 (팔복동2가)","561-720","(주)휴비스 전주공장","2026-01-23 09:04:44","U","2026-01-25 02:40:00","","208688.430383697","261577.193757233","대기배출업소관리","화학섬유 제조업","1종","화학섬유","24","365","0","0","4028513635",
"82","대기오염물질배출시설설치사업장","09_30_08_P","5020000","502000021202100007","2021-04-12","","01","영업/정상","11","영업","","","","","054-275-9777","","","경상북도 포항시 남구 장흥동 1858","경상북도 포항시 남구 장흥로39번길 44 (장흥동)","37871","렘코(주) 재활용1공장(장흥)","2026-01-23 17:59:34","U","2026-01-25 02:40:00","폐기물 처리업","413927.035283068","277694.275647034","대기배출업소관리","폐기물 처리업","5종","","","0","","0","6068635316",
"83","대기오염물질배출시설설치사업장","09_30_08_P","5080000","508000021202100005","2021-03-10","","01","영업/정상","11","영업","","","","","","","","경상북도 구미시 임수동 94-1 삼성전자 2공장","경상북도 구미시 3공단3로 302, 삼성전자 2공장 (임수동)","39388","삼성전자(주) 구미2사업장","2026-01-23 11:02:01","U","2026-01-25 02:40:00","이동전화기 제조업","327246.920067768","290666.358443785","대기배출업소관리","이동전화기 제조업","3종","","","0","","0","1248100998",
"84","대기오염물질배출시설설치사업장","09_30_08_P","5530000","553000021202100044","2021-04-22","","01","영업/정상","11","영업","","","","","031-5029-6241","","","경기도 화성시 양감면 요당리 103-3","경기도 화성시 양감면 은행나무로62번길 18-18","18633","(주)리온","2026-01-23 11:01:22","U","2026-01-25 02:40:00","반도체 제조용 기계 제조업","194355.562492822","395808.320715293","대기배출업소관리","반도체 제조용 기계 제조업","5종","","10","0","","300","1358194481",
"85","대기오염물질배출시설설치사업장","09_30_08_P","4930000","493000021202100002","2021-04-20","","01","영업/정상","11","영업","","","","","","","","전라남도 해남군 옥천면 영신리 605","전라남도 해남군 옥천면 농공단지길 68","59021","(주)하이콘","2026-01-23 14:38:50","U","2026-01-25 02:40:00","콘크리트, 시멘트 및 플라스터 제품 제조업","167126.516784671","120178.408725522","대기배출업소관리","콘크리트, 시멘트 및 플라스터 제품 제조업","5종","","8","300","8","300","2288601936",
"86","대기오염물질배출시설설치사업장","09_30_08_P","5540000","554000021201400052","2014-08-27","","01","영업/정상","11","영업","","","","","","","","경기도 광주시 도척면 궁평리 217-5","경기도 광주시 도척면 다람로36번길 19-15","464-951","명신디자인","2026-01-23 14:46:30","U","2026-01-25 02:40:00","기타 목재가구 제조업","228611.493267029","425826.431307086","대기배출업소관리","기타 목재가구 제조업","4종","진열장","8","300","8","300","1681202817",
"87","대기오염물질배출시설설치사업장","09_30_08_P","3340000","334000021201600022","2016-10-05","","01","영업/정상","11","영업","","","","","317-6076","","","부산광역시 사하구 장림동 914-4 914-49","부산광역시 사하구 다산로208번길 32 (장림동)","604-842","(주)지원","2026-01-23 13:24:41","U","2026-01-25 02:40:00","건설 폐기물 처리업","378589.860456611","176478.096857024","대기배출업소관리","건설 폐기물 처리업","2종","","","0","","0","6068175803",
"88","대기오염물질배출시설설치사업장","09_30_08_P","5690000","569000021201000013","2010-11-16","","04","취소/말소/만료/정지/중지","4","폐쇄","2026-01-23","","","","044-715-5811","","","세종특별자치시 장군면 평기리 10","세종특별자치시 장군면 평기산양길 29-1","339-912","아진산업(주)","2026-01-23 16:50:55","U","2026-01-25 02:40:00","레미콘 제조업","218147.567517966","336927.845708419","대기배출업소관리","레미콘 제조업","5종","","8","250","8","250","3078118453",
"89","대기오염물질배출시설설치사업장","09_30_08_P","5400000","540000021200900005","2009-01-21","","01","영업/정상","11","영업","","","","","5827101","","","경상남도 함안군 법수면 강주리 973-1","경상남도 함안군 법수면 강주1길 142","637-831","대성파워텍(주)","2026-01-23 15:12:18","U","2026-01-25 02:40:00","그외 기타 가공공작기계 제조업","320488.417597856","202049.496696371","대기배출업소관리","그외 기타 가공공작기계 제조업","4종","가공공작기계부품","3","240","3","240","6098194451",
"90","대기오염물질배출시설설치사업장","09_30_08_P","3490000","349000021201200002","2012-01-03","","01","영업/정상","11","영업","","","","","746-6682","","","인천광역시 중구 운서동 2863-6 신공항레미콘(주)","인천광역시 중구 영종해안북로702번길 115-95, 신공항레미콘(주) (운서동)","22380","㈜쌍용레미콘영종","2026-01-23 09:30:10","U","2026-01-25 02:40:00","레미콘 제조업","151294.01612848","443429.017504902","대기배출업소관리","레미콘 제조업","4종","","8","300","8","300","2288803317",
"91","대기오염물질배출시설설치사업장","09_30_08_P","5590000","559000021201700016","2017-04-28","","01","영업/정상","11","영업","","","","","","","","경기도 양주시 회암동 524","","","삼성플라스틱(주)","2026-01-23 18:11:49","U","2026-01-25 02:40:00","","207151.23437105","482148.774464229","대기배출업소관리","","5종","","","0","","0","1138108423",
"92","대기오염물질배출시설설치사업장","09_30_08_P","5410000","541000021201500013","2015-08-24","","01","영업/정상","11","영업","","","","","526-4003","","","경상남도 창녕군 남지읍 39-39","경상남도 창녕군 남지읍 당포길 26","50354","영농조합법인 지무","2026-01-23 10:21:48","U","2026-01-25 02:40:00","기타 작물 재배업","333857.890574348","213031.999890887","대기배출업소관리","기타 작물 재배업","4종","새송이버섯 종균","12","300","12","300","6088178636",
"93","대기오염물질배출시설설치사업장","09_30_08_P","3180000","318000021201500056","2015-12-29","","01","영업/정상","11","영업","","","","","780-6642","","","서울특별시 영등포구 여의도동 14-13","서울특별시 영등포구 국회대로72길 22 (여의도동)","","가든빌딩자치관리운영회","2026-01-23 16:16:40","U","2026-01-25 02:40:00","기타 협회 및 단체","192969.820840993","447419.648688406","대기배출업소관리","기타 협회 및 단체","5종","","4","95","4","95","1168000781",
"94","대기오염물질배출시설설치사업장","09_30_08_P","3620000","362000021201500002","2015-06-05","","01","영업/정상","11","영업","","","","","062-962-3677","","","광주광역시 북구 지야동 802-28","","","오토마트자동차정비","2026-01-23 06:31:12","U","2026-01-25 02:40:00","","189579.255393305","192344.477585527","대기배출업소관리","","4종","","4","300","4","300","4101181680",
"95","대기오염물질배출시설설치사업장","09_30_08_P","4810000","481000021200000156","2015-01-26","","01","영업/정상","11","영업","","","","","061 6886645","","","전라남도 여수시 중흥동 753","전라남도 여수시 산단중앙로 438 (중흥동)","","폴리미래(주)용성공장","2026-01-23 11:29:34","U","2026-01-25 02:40:00","","262005.439136254","148700.145327357","대기배출업소관리","","3종","","24","365","24","365","4178506475",
"96","대기오염물질배출시설설치사업장","09_30_08_P","4490000","449000021200000605","2000-02-18","","01","영업/정상","11","영업","","","","","0415631704","","","충청남도 천안시 서북구 두정동 403-5 거산케미칼","충청남도 천안시 서북구 두정공단1길 82-3, 거산케미칼 (두정동)","31112","거산케미칼","2026-01-23 15:45:10","U","2026-01-25 02:40:00","도금업","214099.352060686","370535.123311642","대기배출업소관리","도금업","5종","표면처리품","17","365","17","365","3121044138",
"97","대기오염물질배출시설설치사업장","09_30_08_P","5530000","553000021201400183","2014-11-17","","01","영업/정상","11","영업","","","","","","","","경기도 화성시 남양읍 안석리 426-4","경기도 화성시 남양읍 남양로368번길 41-5","445-100","그린텍","2026-01-23 13:04:28","U","2026-01-25 02:40:00","","183749.864122396","407931.571941652","대기배출업소관리","","5종","","24","300","","300","1244921881",
"98","대기오염물질배출시설설치사업장","09_30_08_P","3620000","362000021200700002","2007-12-24","","01","영업/정상","11","영업","","","","","265-7979","","","광주광역시 북구 문흥동 96-2 ,97","광주광역시 북구 동문대로 297 (문흥동,,97)","","주식회사동광주자동차검사장","2026-01-23 06:31:21","U","2026-01-25 02:40:00","자동차 수리업","193866.950495735","187681.436520535","대기배출업소관리","자동차 수리업","4종","도색차량","4","300","4","300","4098600026",
"99","대기오염물질배출시설설치사업장","09_30_08_P","3730000","373000021199706001","1997-02-06","","01","영업/정상","11","영업","","","","","","","","울산광역시 울주군 웅촌면 고연리 488","울산광역시 울주군 웅촌면 밭마당길 20","","신일피엔에스(주)","2026-01-23 15:03:04","U","2026-01-25 02:40:00","","397086.729014894","218474.413115256","대기배출업소관리","","5종","","8","300","8","300","6108106950",
"100","대기오염물질배출시설설치사업장","09_30_08_P","5530000","553000021201100145","2011-11-23","","01","영업/정상","11","영업","","","","","0314142812","","","경기도 화성시 우정읍 호곡리 230-61 -65,-103,-104","","","엔에프씨(주)","2026-01-23 09:43:10","U","2026-01-25 02:40:00","기타 인쇄업","","","대기배출업소관리","기타 인쇄업","5종","","8","300","8","300","1348640672",
"101","대기오염물질배출시설설치사업장","09_30_08_P","4450000","445000021201460324","2014-01-15","","01","영업/정상","11","영업","","","","","5317072","","","충청북도 진천군 이월면 노원리 45-10","충청북도 진천군 이월면 진광로 486","","(주)엠씨엠","2026-01-23 16:01:56","U","2026-01-25 02:40:00","액체 여과기 제조업","239059.421354977","378372.709186322","대기배출업소관리","액체 여과기 제조업","5종","멤브레인필터,튜브","8","300","8","300","3018604499",
"102","대기오염물질배출시설설치사업장","09_30_08_P","4550000","455000021200400300","2007-05-23","","01","영업/정상","11","영업","","","","","041-753-0020","","","충청남도 금산군 복수면 용진리 258","충청남도 금산군 복수면 다복로 455-10","312-923","(주)모던이앤알","2026-01-23 09:16:53","U","2026-01-25 02:40:00","폐기물 처리업","239318.158978694","297649.885585296","대기배출업소관리","폐기물 처리업","4종","재활용품","8","300","0","0","3058165417",
"103","대기오염물질배출시설설치사업장","09_30_08_P","4470000","447000021199100094","1991-11-21","","01","영업/정상","11","영업","","","","","0438794000","","","충청북도 음성군 대소면 삼호리 287-3","충청북도 음성군 대소면 삼양로 816-41","27673","(주)삼동","2026-01-23 13:26:06","U","2026-01-25 02:40:00","동 압연, 압출 및 연신제품 제조업","241585.029985023","383878.866137042","대기배출업소관리","동 압연, 압출 및 연신제품 제조업","5종","","24","350","24","350","3038106751",
"104","대기오염물질배출시설설치사업장","09_30_08_P","5350000","535000021200000108","2004-05-27","","01","영업/정상","11","영업","","","","","0553337151","","","경상남도 김해시 안동 258-9","경상남도 김해시 김해대로2635번길 26 (안동)","621-914","TKG태광(주)","2026-01-23 09:33:06","U","2026-01-25 02:40:00","신발 제조업","374346.146512624","194172.135936825","대기배출업소관리","신발 제조업","4종","","8","240","8","240","6228105819",
"105","대기오염물질배출시설설치사업장","09_30_08_P","3050000","305000021200700027","2007-01-09","","04","취소/말소/만료/정지/중지","4","폐쇄","","","","","07070194213","","","서울특별시 동대문구 용두동 34-6","서울특별시 동대문구 청계천로 563 (용두동)","130-817","(주)동대문환경개발공사","2026-01-23 16:28:12","U","2026-01-25 02:40:00","폐기물 처리업","","","대기배출업소관리","폐기물 처리업","5종","","","0","","0","2118777100",
"106","대기오염물질배출시설설치사업장","09_30_08_P","4080000","408000021200400886","2004-02-20","","01","영업/정상","11","영업","","","","","031 655 3661","","","경기도 안성시 공도읍 신두리 320-2","경기도 안성시 공도읍 대신두길 43","","우진물산(주)","2026-01-23 16:16:30","U","2026-01-25 02:40:00","플라스틱 필름, 시트 및 판 제조업","217415.088732034","388213.095717784","대기배출업소관리","플라스틱 필름, 시트 및 판 제조업","4종","플라스틱시트","24","250","24","250","1308101008",
"107","대기오염물질배출시설설치사업장","09_30_08_P","5350000","535000021200001228","2005-03-07","","01","영업/정상","11","영업","","","","","055 323 1298","","","경상남도 김해시 생림면 봉림리 1072-1","","","대창단조(주)","2026-01-23 14:45:42","U","2026-01-25 02:40:00","","367699.304694967","205835.214164476","대기배출업소관리","","3종","단조품","16","300","16","300","6228504216",
"108","대기오염물질배출시설설치사업장","09_30_08_P","3470000","347000021201700024","2017-08-21","","01","영업/정상","11","영업","","","","","0535843947","","","","대구광역시 달서구 성서공단북로69길 32-13 (장동)","42697","대성브이디산업(주)","2026-01-23 16:12:41","U","2026-01-25 02:40:00","산업용 비경화고무제품 제조업","336558.388311975","261626.559200653","대기배출업소관리","산업용 비경화고무제품 제조업","5종","고무제품","8","300","8","300","5038183585",
"109","대기오염물질배출시설설치사업장","09_30_08_P","3470000","347000021201100028","2011-10-28","","01","영업/정상","11","영업","","","","","5833368","","","대구광역시 달서구 대천동 893-2","대구광역시 달서구 성서공단로 72-7 (대천동)","704-801","(주)진부","2026-01-23 16:46:05","U","2026-01-25 02:40:00","고무제품 제조업","334660.241824231","260346.525273881","대기배출업소관리","고무제품 제조업","5종","자동차부품","8","300","8","300","5038116863",
"110","대기오염물질배출시설설치사업장","09_30_08_P","4080000","408000021200200742","2002-10-24","","01","영업/정상","11","영업","","","","","6546573","","","경기도 안성시 원곡면 반제리 441-8,-11","경기도 안성시 원곡면 기업단지로 287","456-811","대원종합건설기계","2026-01-23 15:19:32","U","2026-01-25 02:40:00","","214706.034723366","390560.526481786","대기배출업소관리","","5종","","8","300","8","300","1251564044",
"111","대기오염물질배출시설설치사업장","09_30_08_P","3630000","363000021202500002","2025-03-19","","01","영업/정상","11","영업","","","","","","","","광주광역시 광산구 삼거동 258","광주광역시 광산구 체암로 1826 (삼거동)","62407","광모 유한회사","2026-01-23 15:21:13","U","2026-01-25 02:40:00","지정외 폐기물 처리업","170028.848119336","183478.23787688","대기배출업소관리","지정외 폐기물 처리업","5종","","8","300","8","300","3118803375",
"112","대기오염물질배출시설설치사업장","09_30_08_P","4040000","404000021202500002","2025-04-18","","03","폐업","2","폐업","2026-01-23","","","","","","","경기도 하남시 광암동 401-1","경기도 하남시 초광산단동로 6, 4층 (광암동)","12989","카시딘(CARCIDIN)","2026-01-23 16:49:53","U","2026-01-25 02:40:00","자동차 종합 수리업","215193.296037514","447354.17966373","대기배출업소관리","자동차 종합 수리업","5종","","8","300","7","300","5792202068",
"113","대기오염물질배출시설설치사업장","09_30_08_P","5350000","535000021202300058","2023-12-20","","01","영업/정상","11","영업","","","","","055-337-3838","","","경상남도 김해시 주촌면 내삼리 1076-2","경상남도 김해시 주촌면 서부로1541번안길 83","50877","(주)네오스텍 대표이사","2026-01-23 16:59:44","U","2026-01-25 02:40:00","부직포 및 펠트 제조업","364525.361401937","194317.39503326","대기배출업소관리","부직포 및 펠트 제조업","4종","","","0","","0","3718702070",
"114","대기오염물질배출시설설치사업장","09_30_08_P","5410000","541000021201400007","2014-12-15","","01","영업/정상","11","영업","","","","","055-532-1700","","","경상남도 창녕군 대합면 평지리 980-1","경상남도 창녕군 대합면 수장퇴산로 90","635-942","(주)영등산업","2026-01-23 14:07:23","U","2026-01-25 02:40:00","콘크리트 타일, 기와, 벽돌 및 블록 제조업","332386.775642597","232619.630441016","대기배출업소관리","콘크리트 타일, 기와, 벽돌 및 블록 제조업","4종","벽돌 및 블럭","8","300","8","300","6868500062",
"115","대기오염물질배출시설설치사업장","09_30_08_P","6520000","652000021200180005","2001-04-24","","01","영업/정상","11","영업","","","","","0647941063","","","제주특별자치도 서귀포시 대정읍 안성리 866 외3필지","제주특별자치도 서귀포시 대정읍 평화로89번길 171 (외3필지)","","삼성아스콘","2026-01-23 07:42:00","U","2026-01-25 02:40:00","기타 석제품 제조업","133886.532998563","-24792.6725095388","대기배출업소관리","기타 석제품 제조업","4종","","8","75","8","75","6162650421",
"116","대기오염물질배출시설설치사업장","09_30_08_P","6520000","652000021200280006","2002-06-18","","01","영업/정상","11","영업","","","","","","","","제주특별자치도 서귀포시 안덕면 서광리 2488","제주특별자치도 서귀포시 안덕면 화순서동로 282","","(주)현대아스콘","2026-01-23 07:42:11","U","2026-01-25 02:40:00","","137926.867225151","-24250.594819369","대기배출업소관리","","4종","","8","36","8","36","",
"117","대기오염물질배출시설설치사업장","09_30_08_P","6430000","643000001201600089","2016-12-13","","01","영업/정상","01","영업","","","","","0438732388","","","","충청북도 음성군 원남면 원남산단로 111","27721","유에스파마텍코리아(주)","2026-01-23 17:06:21","U","2026-01-25 02:40:00","","260782.648652784","376546.0147186","대기배출업소관리","건강기능식품 제조업","4종","크릴단백질, 크릴오일, 쌀추출농축액","8","260","0","0","1538603718",
"118","대기오염물질배출시설설치사업장","09_30_08_P","4540000","454000021202000009","2020-12-02","","03","폐업","2","폐업","2025-09-22","","","","","","","충청남도 논산시 광석면 천동리 724-12","충청남도 논산시 광석면 천동길 18","","광석미곡처리장","2026-01-23 12:52:02","U","2026-01-25 02:40:00","","208669.287510452","303892.238224247","대기배출업소관리","","5종","","8","200","8","200","",
"119","대기오염물질배출시설설치사업장","09_30_08_P","3990000","399000021202300013","2023-10-25","","01","영업/정상","11","영업","","","","","1688-1240","","","경기도 남양주시 화도읍 차산리 856-1","경기도 남양주시 화도읍 수레로964번길 86","12199","주식회사 21그램그룹","2026-01-23 10:56:02","U","2026-01-25 02:40:00","애완 동물 장묘 및 보호 서비스업","225555.794620331","458218.250832737","대기배출업소관리","애완 동물 장묘 및 보호 서비스업","5종","","","0","8","300","3628100571",
"120","대기오염물질배출시설설치사업장","09_30_08_P","4490000","449000021202400059","2024-12-18","","01","영업/정상","11","영업","","","","","","","","충청남도 천안시 서북구 성환읍 신가리 564","충청남도 천안시 서북구 성환읍 비아이티산단1로 123","31001","씨앤피","2026-01-23 15:46:01","U","2026-01-25 02:40:00","일반용 도료 및 관련제품 제조업","","","대기배출업소관리","일반용 도료 및 관련제품 제조업","5종","비수성 매질 분산안료(페인트,에나멜용) 제조","24","365","24","365","2470400228",
"121","대기오염물질배출시설설치사업장","09_30_08_P","4641000","465100021202400024","2024-12-27","","01","영업/정상","11","영업","","","","","02-508-4666","","","전북특별자치도 전주시 완산구 경원동3가 72-2","전북특별자치도 전주시 완산구 현무1길 10, 신라스테이 전주 (경원동3가)","55000","주식회사 에스제이케이개발","2026-01-23 14:47:29","U","2026-01-25 02:40:00","숙박시설 운영업","213351.044047758","257741.423718487","대기배출업소관리","숙박시설 운영업","4종","","24","365","24","365","5918600422",
"122","대기오염물질배출시설설치사업장","09_30_08_P","4440000","444000021202400001","2024-12-09","","01","영업/정상","11","영업","","","","","","","","충청북도 영동군 용산면 청화리 360 외3필지","충청북도 영동군 용산면 상청화길 47","29109","(유)대원산업","2026-01-23 10:56:46","U","2026-01-25 02:40:00","모래 및 자갈 채취업","275840.936860893","309734.655974179","대기배출업소관리","모래 및 자갈 채취업","5종","","","0","","0","8468703011",
"123","대기오염물질배출시설설치사업장","09_30_08_P","6300000","630000001202400036","2024-12-30","","03","폐업","02","폐업","2026-01-23","","","","","","","대전광역시 유성구 화암동 58-3 한국원자력통제기술원화암캠퍼스","대전광역시 유성구 유성대로 1534, 한국원자력통제기술원화암캠퍼스 (화암동)","34054","한국원자력통제기술원 화암동청사","2026-01-23 17:44:31","U","2026-01-25 02:40:00","","234273.656943539","322972.986515345","대기배출업소관리","기타 공학 연구개발업","5종","","24","365","0","0","3148211120",
"124","대기오염물질배출시설설치사업장","09_30_08_P","5000000","500000021202400003","2024-12-24","","01","영업/정상","11","영업","","","","","061-544-3095","","","전라남도 진도군 고군면 고성리 832-3","전라남도 진도군 고군면 진도대로 28","58909","(유)진도콘크리트산업","2026-01-23 17:44:19","U","2026-01-25 02:40:00","종합 건설업","137315.866873052","111614.960092736","대기배출업소관리","종합 건설업","5종","","8","300","","300","6478102316",
"125","대기오염물질배출시설설치사업장","09_30_08_P","5530000","553000021202400135","2024-11-27","","01","영업/정상","11","영업","","","","","","","","경기도 화성시 장안면 수촌리 406-8","경기도 화성시 장안면 황골길 170","18581","주식회사 현준리싸이클","2026-01-23 09:08:33","U","2026-01-25 02:40:00","폐기물 처리업","188300.749262139","400035.195586812","대기배출업소관리","폐기물 처리업","5종","","8","300","8","300","5778702417",
