"번호","개방서비스명","개방서비스아이디","개방자치단체코드","관리번호","인허가일자","인허가취소일자","영업상태구분코드","영업상태명","상세영업상태코드","상세영업상태명","폐업일자","휴업시작일자","휴업종료일자","재개업일자","소재지전화","소재지면적","소재지우편번호","소재지전체주소","도로명전체주소","도로명우편번호","사업장명","최종수정시점","데이터갱신구분","데이터갱신일자","업태구분명","좌표정보x(epsg5174)","좌표정보y(epsg5174)","위생업태명","남성종사자수","여성종사자수","영업장주변구분명","등급구분명","급수시설구분명","총직원수","본사직원수","공장사무직직원수","공장판매직직원수","공장생산직직원수","건물소유구분명","보증액","월세액","다중이용업소여부","시설총규모","전통업소지정번호","전통업소주된음식","홈페이지",
"1","건강기능식품일반판매업","07_22_03_P","3160000","3160000-134-2026-00007","2026-01-23","","01","영업/정상","01","영업","","","","","","","152-728","서울특별시 구로구 구로동 *** 코오롱싸이언스밸리*차","서울특별시 구로구 디지털로**길 **, B***-E**호 (구로동)","08378","(주)웰로라","2026-01-23 11:41:52","I","2026-01-25 00:20:02","","191020.264430044","442460.919021593","전자상거래(통신판매업)","0","0","","","","0","0","0","0","0","","0","0","N","0","","","",
"2","건강기능식품일반판매업","07_22_03_P","3080000","3080000-134-2026-00005","2026-01-22","","01","영업/정상","01","영업","","","","","","","142-879","서울특별시 강북구 수유동 ***-***","서울특별시 강북구 노해로**길 **, 지하*층 (수유동)","01047","유안 컴퍼니(uan company)","2026-01-23 10:27:05","I","2026-01-25 00:20:02","","201617.427444572","460474.69524462","전자상거래(통신판매업)","0","0","","","","0","0","0","0","0","","0","0","N","0","","","",
"3","건강기능식품일반판매업","07_22_03_P","3200000","3200000-134-2025-00215","2025-06-05","","01","영업/정상","01","영업","","","","","","1.65","151-913","서울특별시 관악구 봉천동 ***-** 영진빌리지","서울특별시 관악구 은천로 **-*, 영진빌리지 *층 (봉천동)","08719","트레잇","2026-01-23 11:29:05","I","2026-01-25 00:20:02","","194318.201024704","442713.387242824","전자상거래(통신판매업)","0","0","","","","0","0","0","0","0","","0","0","N","0","","","",
"4","건강기능식품일반판매업","07_22_03_P","3200000","3200000-134-2026-00015","2026-01-22","","01","영업/정상","01","영업","","","","","","","151-862","서울특별시 관악구 신림동 ***-*","서울특별시 관악구 양지**길 **-*, *층 (신림동)","08846","에이치씨에이치(HCH)","2026-01-23 09:57:30","I","2026-01-25 00:20:02","","193814.637767378","440954.942960265","전자상거래(통신판매업)","0","0","","","","0","0","0","0","0","","0","0","N","0","","","",
"5","건강기능식품일반판매업","07_22_03_P","3940000","3940000-134-2026-00036","2026-01-22","","01","영업/정상","01","영업","","","","","","","411-827","경기도 고양시 일산서구 일산동 ****-* 대화프라자 ***호","경기도 고양시 일산서구 일산로 ***, 대화프라자 ***호 (일산동)","10375","몽땅마켓","2026-01-23 10:49:33","I","2026-01-25 00:20:02","","179530.985002424","463866.816668187","영업장판매","0","0","","","","0","0","0","0","0","","0","0","N","0","","","",
"6","건강기능식품일반판매업","07_22_03_P","4191000","4191000-134-2026-00015","2026-01-23","","01","영업/정상","01","영업","","","","","","","","강원특별자치도 원주시 단구동 ****-*","강원특별자치도 원주시 단구로***번길 *, *층 (단구동)","26446","델타테라피","2026-01-23 11:25:18","I","2026-01-25 00:20:02","","284481.748179625","426051.694454482","방문판매","0","0","","","","0","0","0","0","0","","0","0","N","0","","","",
"7","건강기능식품일반판매업","07_22_03_P","4191000","4191000-134-2026-00016","2026-01-23","","01","영업/정상","01","영업","","","","","","","","강원특별자치도 원주시 관설동 ****-*","강원특별자치도 원주시 치악고교길 **, ***호 (관설동)","26469","헤레이스","2026-01-23 17:22:00","I","2026-01-25 00:20:02","","285060.197545226","424177.882926315","영업장판매","0","0","","","","0","0","0","0","0","","0","0","N","0","","","",
"8","건강기능식품일반판매업","07_22_03_P","3940000","3940000-134-2026-00037","2026-01-23","","01","영업/정상","01","영업","","","","","","","412-170","경기도 고양시 덕양구 덕은동 *** DMC자이더리버 ***동 ****호","경기도 고양시 덕양구 대덕산로 **, ***동 ****호 (덕은동, DMC자이더리버)","10543","로지라인","2026-01-23 14:27:18","I","2026-01-25 00:20:02","","","","전자상거래(통신판매업)","0","0","","","","0","0","0","0","0","","0","0","N","0","","","",
"9","건강기능식품일반판매업","07_22_03_P","3940000","3940000-134-2026-00038","2026-01-23","","01","영업/정상","01","영업","","","","","","","410-821","경기도 고양시 일산동구 식사동 **** 위시티블루밍*단지아파트 ***동 ****호","경기도 고양시 일산동구 위시티*로 **, ***동 ****호 (식사동, 위시티블루밍*단지아파트)","10325","세온","2026-01-23 16:16:37","I","2026-01-25 00:20:02","","183164.663917376","464355.311252647","전자상거래(통신판매업)","0","0","","","","0","0","0","0","0","","0","0","N","0","","","",
"10","건강기능식품일반판매업","07_22_03_P","5370000","5370000-134-2026-00005","2026-01-23","","01","영업/정상","01","영업","","","","","0556826633","","656-901","경상남도 거제시 능포동 *** 옥명대우아파트","경상남도 거제시 능포로*길 **, 상가동 *층 ***호 일부호 (능포동, 옥명대우아파트)","53315","다이소 거제장승포점","2026-01-23 11:35:00","I","2026-01-25 00:20:02","","358447.720852174","154252.611998856","영업장판매","0","0","","","","0","0","0","0","0","","0","0","N","0","","","",
"11","건강기능식품일반판매업","07_22_03_P","3440000","3440000-134-2026-00002","2026-01-23","","01","영업/정상","01","영업","","","","","","","705-826","대구광역시 남구 봉덕동 ***-**","대구광역시 남구 이천로 **, *층 (봉덕동)","42428","더블유앤비코리아(W&B KOREA)","2026-01-23 16:55:34","I","2026-01-25 00:20:02","","344324.368729886","262088.498394667","영업장판매","0","0","","","","0","0","0","0","0","","0","0","N","0","","","",
"12","건강기능식품일반판매업","07_22_03_P","3700000","3700000-134-2026-00006","2026-01-23","","01","영업/정상","01","영업","","","","","","","680-811","울산광역시 남구 무거동 ****-*","울산광역시 남구 눌재로 *, *층 (무거동)","44637","애터미 울산백조센타","2026-01-23 09:13:43","I","2026-01-25 00:20:02","","406487.48350859","229999.892871519","전자상거래(통신판매업)","0","0","","","","0","0","0","0","0","","0","0","N","0","","","",
"13","건강기능식품일반판매업","07_22_03_P","4711000","4711000-134-2026-00001","2026-01-23","","01","영업/정상","01","영업","","","","","063 544 1113","","","전북특별자치도 김제시 검산동 ***-**","전북특별자치도 김제시 금성로 ***-* (검산동)","54399","다파농","2026-01-23 15:17:27","I","2026-01-25 00:20:02","","191198.72177659","255549.680299476","영업장판매","0","0","","","","0","0","0","0","0","","0","0","N","0","","","",
"14","건강기능식품일반판매업","07_22_03_P","3220000","3220000-134-2026-00043","2026-01-23","","01","영업/정상","01","영업","","","","","","3.30","135-836","서울특별시 강남구 대치동 ***-* 대치퍼스트빌딩","서울특별시 강남구 삼성로 ***, ***호 (대치동)","06291","하늘빛건강","2026-01-23 14:32:34","I","2026-01-25 00:20:02","","205496.329962005","443515.70221107","전자상거래(통신판매업)","0","0","","","","0","0","0","0","0","자가","0","0","N","3.3","","","",
"15","건강기능식품일반판매업","07_22_03_P","3220000","3220000-134-2026-00044","2026-01-23","","01","영업/정상","01","영업","","","","","","13.00","135-513","서울특별시 강남구 역삼동 ***-** 아남타워빌딩","서울특별시 강남구 테헤란로 ***, 아남타워빌딩 **층 ****호 (역삼동)","06151","제이마스","2026-01-23 15:23:34","I","2026-01-25 00:20:02","","203894.031407652","444624.818170279","전자상거래(통신판매업)","0","0","","","","0","0","0","0","0","자가","0","0","N","13","","","",
"16","건강기능식품일반판매업","07_22_03_P","3220000","3220000-134-2026-00045","2026-01-23","","01","영업/정상","01","영업","","","","","","3.30","135-964","서울특별시 강남구 개포동 ****-*","서울특별시 강남구 개포로**길 *-*, B*층 ***호일부 D***호 (개포동)","06303","올어바웃엔젯 주식회사","2026-01-23 17:06:39","I","2026-01-25 00:20:02","","203912.778626691","441843.261084323","전자상거래(통신판매업)","0","0","","","","0","0","0","0","0","자가","0","0","N","3.3","","","",
"17","건강기능식품일반판매업","07_22_03_P","5530000","5530000-134-2017-00137","2017-04-06","","01","영업/정상","01","영업","","","","","031 271 9744","3.30","445-842","경기도 화성시 비봉면 양노리 ***-** *층 일부호","경기도 화성시 비봉면 비봉로 ***, *층 일부호","18284","(주)유일약품","2026-01-23 15:47:15","I","2026-01-25 00:20:02","","187819.702106478","414839.223431709","기타(복합 등)","0","0","","","","0","0","0","0","0","자가","0","0","N","0","","","",
"18","건강기능식품일반판매업","07_22_03_P","5530000","5530000-134-2021-00465","2021-01-11","","01","영업/정상","01","영업","","","","","","3.30","445-330","경기도 화성시 반월동 *** 나노시티역 롯데캐슬 ***동 *** 일부호","경기도 화성시 효행로 ****-**, ***동 *** 일부호 (반월동, 나노시티역 롯데캐슬)","18383","미쁘공간","2026-01-23 09:55:19","I","2026-01-25 00:20:02","","","","전자상거래(통신판매업)","0","0","","","","0","0","0","0","0","","0","0","N","0","","","",
"19","건강기능식품일반판매업","07_22_03_P","5530000","5530000-134-2026-00061","2026-01-23","","01","영업/정상","01","영업","","","","","","","445-160","경기도 화성시 반송동 ***-** 드림프라자","경기도 화성시 동탄반석로 ***, 드림프라자 *층 ***호 일부호 (반송동)","18455","지에스더프레시(GSTHEFRESH)","2026-01-23 16:41:21","I","2026-01-25 00:20:02","","206267.823487016","410957.498845767","영업장판매","0","0","","","","0","0","0","0","0","","0","0","N","0","","","",
"20","건강기능식품일반판매업","07_22_03_P","5530000","5530000-134-2026-00062","2026-01-23","","01","영업/정상","01","영업","","","","","","","445-160","경기도 화성시 반송동 **-* 네오프라자","경기도 화성시 동탄중심상가*길 **, 네오프라자 **층 ****호 일부(A**)호 (반송동)","18453","샤미즈","2026-01-23 16:59:21","I","2026-01-25 00:20:02","","206453.022632583","411659.265009197","전자상거래(통신판매업)","0","0","","","","0","0","0","0","0","","0","0","N","0","","","",
"21","건강기능식품일반판매업","07_22_03_P","3530000","3530000-134-2026-00016","2026-01-23","","01","영업/정상","01","영업","","","","","","","405-810","인천광역시 남동구 간석동 ***-***","인천광역시 남동구 석정로***번길 **, ***호 (간석동)","21502","리치(RICH)스토어","2026-01-23 10:08:22","I","2026-01-25 00:20:02","","172701.894769553","440819.227425546","전자상거래(통신판매업)","0","0","","","","0","0","0","0","0","","0","0","N","0","","","",
"22","건강기능식품일반판매업","07_22_03_P","3530000","3530000-134-2026-00017","2026-01-23","","01","영업/정상","01","영업","","","","","","","405-809","인천광역시 남동구 간석동 ***-* 다정한마을 서해아파트","인천광역시 남동구 구월로***번길 *, ***동 ****호 (간석동, 다정한마을 서해아파트)","21551","밸류마켓","2026-01-23 10:15:52","I","2026-01-25 00:20:02","","173972.571730332","439484.579313588","전자상거래(통신판매업)","0","0","","","","0","0","0","0","0","","0","0","N","0","","","",
"23","건강기능식품일반판매업","07_22_03_P","3530000","3530000-134-2026-00018","2026-01-23","","01","영업/정상","01","영업","","","","","","","405-300","인천광역시 남동구 논현동 ***-* 에코메트로**단지한화꿈에그린아파트","인천광역시 남동구 논고개로 **, ****동 ***호 (논현동, 에코메트로**단지한화꿈에그린아파트)","21685","메이트스타일","2026-01-23 11:26:32","I","2026-01-25 00:20:02","","176065.317342445","432411.6684881","전자상거래(통신판매업)","0","0","","","","0","0","0","0","0","","0","0","N","0","","","",
"24","건강기능식품일반판매업","07_22_03_P","3660000","3660000-134-2026-00014","2026-01-23","","01","영업/정상","01","영업","","","","","","","302-812","대전광역시 서구 관저동 **** 건양대학교병원","대전광역시 서구 관저동로 ***, 건양대학교병원 병원동 지하*층 일부호 (관저동)","35365","메디테크","2026-01-23 14:20:01","I","2026-01-25 00:20:02","","230748.319260163","311849.743904822","영업장판매","0","0","","","","0","0","0","0","0","","0","0","N","0","","","",
"25","건강기능식품일반판매업","07_22_03_P","4181000","4181000-134-2026-00011","2026-01-23","","01","영업/정상","01","영업","","","","","","","","강원특별자치도 춘천시 우두동 ***-* 두미르마을","강원특별자치도 춘천시 영서로 ****, ***동 ***호 (우두동, 두미르마을)","24236","집돌이스토어","2026-01-23 14:52:26","I","2026-01-25 00:20:02","","263855.784005587","489030.794908325","전자상거래(통신판매업)","0","0","","","","0","0","0","0","0","","0","0","N","0","","","",
"26","건강기능식품일반판매업","07_22_03_P","3240000","3240000-134-2021-00331","2021-03-09","","01","영업/정상","01","영업","","","","","","35.51","138-934","서울특별시 송파구 신천동 **-* 더샵스타리버","서울특별시 송파구 올림픽로**길 **, ***동 *층 ***호 (신천동, 더샵스타리버)","05510","리브영의건강캠프의 스토어","2026-01-23 15:14:34","I","2026-01-25 00:20:02","","209160.342515348","446201.867636819","전자상거래(통신판매업)","0","0","","","","0","0","0","0","0","임대","0","0","N","0","","","",
"27","건강기능식품일반판매업","07_22_03_P","3470000","3470000-134-2026-00006","2026-01-23","","01","영업/정상","01","영업","","","","","","","704-808","대구광역시 달서구 상인동 ***-** 상인역신일해피트리","대구광역시 달서구 월서로 **, ***동 ****호 (상인동, 상인역신일해피트리)","42782","케이엔케이디","2026-01-23 10:15:38","I","2026-01-25 00:20:02","","338400.056845472","258779.926096123","전자상거래(통신판매업)","0","0","","","","0","0","0","0","0","","0","0","N","0","","","",
"28","건강기능식품일반판매업","07_22_03_P","3470000","3470000-134-2026-00007","2026-01-23","","01","영업/정상","01","영업","","","","","","","704-834","대구광역시 달서구 진천동 ***-* 진천역대우이안아파트","대구광역시 달서구 진천로**길 **, ***동 ***호 (진천동, 진천역대우이안아파트)","42784","엠에스엠","2026-01-23 11:01:41","I","2026-01-25 00:20:02","","337716.036086847","258407.337987281","전자상거래(통신판매업)","0","0","","","","0","0","0","0","0","","0","0","N","0","","","",
"29","건강기능식품일반판매업","07_22_03_P","3470000","3470000-134-2026-00008","2026-01-23","","01","영업/정상","01","영업","","","","","","","704-759","대구광역시 달서구 상인동 **** 한양은하아파트","대구광역시 달서구 상화북로 *** (상인동, 한양은하아파트)","42793","엠에스노바","2026-01-23 11:05:57","I","2026-01-25 00:20:02","","339254.512598927","257974.231209956","전자상거래(통신판매업)","0","0","","","","0","0","0","0","0","","0","0","N","0","","","",
"30","건강기능식품일반판매업","07_22_03_P","3550000","3550000-134-2026-00012","2026-01-23","","01","영업/정상","01","영업","","","","","","","407-813","인천광역시 계양구 계산동 ****-*","인천광역시 계양구 계양문화로**번길 **, 유정프라자 *층 ***호 일부(****)호 (계산동)","21068","에스엘엠상사","2026-01-23 09:28:29","I","2026-01-25 00:20:02","","176501.300785411","448262.1123587","전자상거래(통신판매업)","0","0","","","","0","0","0","0","0","","0","0","N","0","","","",
"31","건강기능식품일반판매업","07_22_03_P","3550000","3550000-134-2026-00013","2026-01-23","","01","영업/정상","01","영업","","","","","032 556 3131","3.30","407-822","인천광역시 계양구 작전동 ***-**","인천광역시 계양구 계양대로 ***, *층 일부호 (작전동)","21088","세일쇼핑마트","2026-01-23 09:40:19","I","2026-01-25 00:20:02","","175443.843632608","448171.387936131","영업장판매","0","0","","","","0","0","0","0","0","임대","0","0","N","3.3","","","",
"32","건강기능식품일반판매업","07_22_03_P","3100000","3100000-134-2026-00016","2026-01-21","","01","영업/정상","01","영업","","","","","","0.00","139-812","서울특별시 노원구 상계동 ***-*** 당고개빌딩","서울특별시 노원구 덕릉로 ***, 당고개빌딩 *층 ****호 (상계동)","01646","모어헬씨","2026-01-23 09:25:58","I","2026-01-25 00:20:02","","206930.188287629","462809.765083288","전자상거래(통신판매업)","0","0","","","","0","0","0","0","0","임대","0","0","N","0","","","",
"33","건강기능식품일반판매업","07_22_03_P","3100000","3100000-134-2026-00017","2026-01-21","","01","영업/정상","01","영업","","","","","","0.00","139-816","서울특별시 노원구 상계동 ***-*","서울특별시 노원구 상계로*길 *, 지하*층 A-***호 (상계동)","01692","주식회사 다선(DaSeon Inc.)","2026-01-23 09:38:45","I","2026-01-25 00:20:02","","205677.544997551","461643.551032918","전자상거래(통신판매업)","0","0","","","","0","0","0","0","0","임대","0","0","N","0","","","",
"34","건강기능식품일반판매업","07_22_03_P","4070000","4070000-134-2026-00002","2026-01-23","","01","영업/정상","01","영업","","","","","","3.30","467-901","경기도 이천시 장호원읍 장호원리 ***-**","경기도 이천시 장호원읍 샘재로***번길 **-**","17418","티유","2026-01-23 13:39:10","I","2026-01-25 00:20:02","","255862.3678761","402050.759747178","전자상거래(통신판매업)","0","0","","","","0","0","0","0","0","임대","0","0","N","0","","","",
"35","건강기능식품일반판매업","07_22_03_P","3100000","3100000-134-2026-00018","2026-01-22","","01","영업/정상","01","영업","","","","","","","139-922","서울특별시 노원구 중계동 *** 동진,신안아파트","서울특별시 노원구 중계로 ***, ***동 ***호 (중계동, 동진,신안아파트)","01735","핀블샵","2026-01-23 09:44:56","I","2026-01-25 00:20:02","","206855.275668431","460822.646772608","전자상거래(통신판매업)","0","0","","","","0","0","0","0","0","","0","0","N","0","","","",
"36","건강기능식품일반판매업","07_22_03_P","3100000","3100000-134-2026-00019","2026-01-23","","01","영업/정상","01","영업","","","","","","","139-200","서울특별시 노원구 상계동 **** 노원 롯데캐슬 시그니처","서울특별시 노원구 덕릉로 ***, ***동 ***호 (상계동, 노원 롯데캐슬 시그니처)","01640","살림이 체질","2026-01-23 13:07:56","I","2026-01-25 00:20:02","","","","전자상거래(통신판매업)","0","0","","","","0","0","0","0","0","","0","0","N","0","","","",
"37","건강기능식품일반판매업","07_22_03_P","3100000","3100000-134-2026-00020","2026-01-23","","01","영업/정상","01","영업","","","","","","","139-896","서울특별시 노원구 상계동 **** 코오롱아파트","서울특별시 노원구 노원로**가길 *, ***동 ***호 (상계동, 코오롱아파트)","01705","본(本)자연치유","2026-01-23 16:03:28","I","2026-01-25 00:20:02","","206092.638872038","461149.350365987","전자상거래(통신판매업)","0","0","","","","0","0","0","0","0","","0","0","N","0","","","",
"38","건강기능식품일반판매업","07_22_03_P","4060000","4060000-134-2022-00633","2022-09-01","","01","영업/정상","01","영업","","","","","","3.00","413-190","경기도 파주시 와동동 **** 월드타워*, ***-A**호","경기도 파주시 와석순환로 ***, 월드타워* ***-A**호 (와동동)","10896","라카디마","2026-01-23 09:14:07","I","2026-01-25 00:20:02","","178941.187198305","469151.542209982","전자상거래(통신판매업)","0","0","","","","0","0","0","0","0","","0","0","N","0","","","",
"39","건강기능식품일반판매업","07_22_03_P","4060000","4060000-134-2025-00414","2025-11-13","","01","영업/정상","01","영업","","","","","","3.30","413-814","경기도 파주시 금촌동 **-** 덕산빌딩 *-S**호","경기도 파주시 금정로 **, 덕산빌딩 *층 S**호 (금촌동)","10929","메디퓨어","2026-01-23 09:44:58","I","2026-01-25 00:20:02","","180054.170392275","473109.689963097","전자상거래(통신판매업)","0","0","","","","0","0","0","0","0","","0","0","N","0","","","",
"40","건강기능식품일반판매업","07_22_03_P","4170000","4170000-134-2026-00005","2026-01-23","","01","영업/정상","01","영업","","","","","","1.65","476-811","경기도 양평군 서종면 노문리 ***-**","경기도 양평군 서종면 노문길**번길 **-**, ***-A**호","12500","딥바이탈에너지","2026-01-23 13:13:48","I","2026-01-25 00:20:02","","","","전자상거래(통신판매업)","0","0","","","","0","0","0","0","0","임대","0","0","N","0","","","",
"41","건강기능식품일반판매업","07_22_03_P","3600000","3600000-134-2026-00008","2026-01-23","","01","영업/정상","01","영업","","","","","","","502-808","광주광역시 서구 내방동 ***-* *층","광주광역시 서구 상무대로****번길 **-*, *층 (내방동)","61976","다락방","2026-01-23 14:44:14","I","2026-01-25 00:20:02","","188235.711383239","183797.490524397","전자상거래(통신판매업)","0","0","","","","0","0","0","0","0","","0","0","N","0","","","",
"42","건강기능식품일반판매업","07_22_03_P","3340000","3340000-134-2026-00010","2026-01-23","","01","영업/정상","01","영업","","","","","","","604-050","부산광역시 사하구 다대동 **** 다대동 롯데캐슬 몰운대아파트","부산광역시 사하구 다대낙조*길 ***, ***동 ***호 (다대동, 다대동 롯데캐슬 몰운대아파트)","49497","런던홀릭","2026-01-23 16:22:23","I","2026-01-25 00:20:02","","379255.918825455","174835.290190726","전자상거래(통신판매업)","0","0","","","","0","0","0","0","0","","0","0","N","0","","","",
"43","건강기능식품일반판매업","07_22_03_P","4090000","4090000-134-2026-00039","2026-01-23","","01","영업/정상","01","영업","","","","","","3.00","415-809","경기도 김포시 풍무동 ***-* 프라임빌복합상가","경기도 김포시 유현로 **, 프라임빌복합상가 ***-A***호 (풍무동)","10120","케이원디스트리","2026-01-23 10:11:56","I","2026-01-25 00:20:02","","175893.912785508","454981.834656387","전자상거래(통신판매업)","0","0","","","","0","0","0","0","0","임대","0","0","N","0","","","",
"44","건강기능식품일반판매업","07_22_03_P","4050000","5620000-134-2026-00015","2026-01-21","","01","영업/정상","01","영업","","","","","","","449-923","경기도 용인시 처인구 고림동 ***-*** 따숲길","경기도 용인시 처인구 고림로 ***-*, 따숲상가 B**호 (고림동)","17151","소도몰 용인고림점","2026-01-23 17:49:19","I","2026-01-25 00:20:02","","219386.564808532","415934.741981035","영업장판매","0","0","","","","0","0","0","0","0","","0","0","N","0","","","",
"45","건강기능식품일반판매업","07_22_03_P","4050000","5620000-134-2026-00016","2026-01-23","","01","영업/정상","01","영업","","","","","","","449-812","경기도 용인시 처인구 포곡읍 둔전리 ***-** 대두빌딩","경기도 용인시 처인구 포곡읍 포곡로 **, 대두빌딩 ***호 일부","17027","셀마벨라","2026-01-23 10:59:24","I","2026-01-25 00:20:02","","218920.080897384","418425.915010283","전자상거래(통신판매업)","0","0","","","","0","0","0","0","0","","0","0","N","0","","","",
"46","건강기능식품일반판매업","07_22_03_P","4050000","5620000-134-2026-00017","2026-01-22","","01","영업/정상","01","영업","","","","","","","449-812","경기도 용인시 처인구 포곡읍 둔전리 ***","경기도 용인시 처인구 포곡읍 포곡로***번길 **, ***호","17027","탑스타정보통신","2026-01-23 13:00:07","I","2026-01-25 00:20:02","","219207.061173096","418814.670762239","전자상거래(통신판매업)","0","0","","","","0","0","0","0","0","","0","0","N","0","","","",
"47","건강기능식품일반판매업","07_22_03_P","4050000","5630000-134-2026-00025","2026-01-23","","01","영업/정상","01","영업","","","","","","","446-904","경기도 용인시 기흥구 보라동 *** 민속마을신창미션힐아파트","경기도 용인시 기흥구 사은로***번길 **, ***동 ****호 (보라동, 민속마을신창미션힐아파트)","17079","스마일몰","2026-01-23 10:08:05","I","2026-01-25 00:20:02","","210788.992569645","416732.510636975","전자상거래(통신판매업)","0","0","","","","0","0","0","0","0","","0","0","N","0","","","",
"48","건강기능식품일반판매업","07_22_03_P","4050000","5640000-134-2026-00016","2026-01-20","","01","영업/정상","01","영업","","","","","","","448-538","경기도 용인시 수지구 죽전동 ****-* 건영타운","경기도 용인시 수지구 현암로 ***, 건영타운 *층 ***호 일부(D**)호 (죽전동)","16876","라이프마켓","2026-01-23 10:10:10","I","2026-01-25 00:20:02","","211121.410692837","425555.502838459","전자상거래(통신판매업)","0","0","","","","0","0","0","0","0","","0","0","N","0","","","",
"49","건강기능식품일반판매업","07_22_03_P","3180000","3180000-134-2022-00509","2022-08-17","","01","영업/정상","01","영업","","","","","","","150-806","서울특별시 영등포구 당산동*가 **-* TCC Center","서울특별시 영등포구 국회대로 ***, TCC Center (당산동*가)","07219","대원씨티에스(주)","2026-01-23 10:44:53","I","2026-01-25 00:20:02","","190632.900588968","447457.253528329","기타(복합 등)","0","0","","","","0","0","0","0","0","","0","0","N","0","","","",
"50","건강기능식품일반판매업","07_22_03_P","3120000","3120000-134-2026-00011","2026-01-23","","01","영업/정상","01","영업","","","","","","","120-848","서울특별시 서대문구 홍은동 ***-** 홍은동다세대주택","서울특별시 서대문구 가좌로 **-*, ***호 (홍은동, 홍은동다세대주택)","03659","태영상사","2026-01-23 16:54:07","I","2026-01-25 00:20:02","","193583.42479932","453203.596918372","전자상거래(통신판매업)","0","0","","","","0","0","0","0","0","","0","0","N","0","","","",
"51","건강기능식품일반판매업","07_22_03_P","3740000","3740000-134-2026-00039","2026-01-23","","01","영업/정상","01","영업","","","","","","","440-840","경기도 수원시 장안구 정자동 ***-*","경기도 수원시 장안구 장안로 ***, ***동 ****호 (정자동)","16336","링스비전","2026-01-23 11:06:56","I","2026-01-25 00:20:02","","199035.245572789","422577.732436073","전자상거래(통신판매업)","0","0","","","","0","0","0","0","0","","0","0","N","0","","","",
"52","건강기능식품일반판매업","07_22_03_P","4090000","4090000-134-2026-00040","2026-01-23","","01","영업/정상","01","영업","","","","","","3.00","415-050","경기도 김포시 운양동 ****-*","경기도 김포시 김포한강*로 ***, ***-**호 (운양동)","10078","인사이트인","2026-01-23 10:24:56","I","2026-01-25 00:20:02","","172128.333251763","461262.941306652","전자상거래(통신판매업)","0","0","","","","0","0","0","0","0","임대","0","0","N","0","","","",
"53","건강기능식품일반판매업","07_22_03_P","4040000","4040000-134-2024-00208","2024-02-07","","01","영업/정상","01","영업","","","","","","198.00","465-813","경기도 하남시 덕풍동 ***-*","경기도 하남시 신장로 ***, *층 일부호 (덕풍동)","12970","셀플러스","2026-01-23 11:29:00","I","2026-01-25 00:20:02","","217732.89914644","448693.859667629","영업장판매","0","0","","","","0","0","0","0","0","자가","0","0","N","0","","","",
"54","건강기능식품일반판매업","07_22_03_P","5530000","5530000-134-2026-00059","2026-01-22","","01","영업/정상","01","영업","","","","","","3.30","445-370","경기도 화성시 송산동 *** 화성송산 동원로얄듀크포레 ***동 **층 **** 일부호","경기도 화성시 화산로 *, ***동 **층 **** 일부호 (송산동, 화성송산 동원로얄듀크포레)","18356","지아크","2026-01-23 11:00:03","I","2026-01-25 00:20:02","","","","전자상거래(통신판매업)","0","0","","","","0","0","0","0","0","자가","0","0","N","0","","","",
"55","건강기능식품일반판매업","07_22_03_P","3210000","3210000-134-2026-00018","2026-01-23","","01","영업/정상","01","영업","","","","","","","137-856","서울특별시 서초구 서초동 ****-* MK빌딩","서울특별시 서초구 서초대로**길 **, MK빌딩 *층 ***호 (서초동)","06612","이호이우","2026-01-23 10:51:47","I","2026-01-25 00:20:02","","202143.464864988","444322.92168619","전자상거래(통신판매업)","0","0","","","","0","0","0","0","0","","0","0","N","0","","","",
"56","건강기능식품일반판매업","07_22_03_P","3210000","3210000-134-2026-00019","2026-01-23","","01","영업/정상","01","영업","","","","","050 50071782","","137-070","서울특별시 서초구 서초동 **** 래미안 리더스원 ***동 ****호","서울특별시 서초구 서운로 **, ***동 ****호 (서초동, 래미안 리더스원)","06629","코드웰바이오","2026-01-23 13:36:19","I","2026-01-25 00:20:02","","202435.530279532","443148.83951752","전자상거래(통신판매업)","0","0","","","","0","0","0","0","0","","0","0","N","0","","","",
"57","건강기능식품일반판매업","07_22_03_P","3210000","3210000-134-2026-00020","2026-01-23","","01","영업/정상","01","영업","","","","","","","137-861","서울특별시 서초구 서초동 **** 현대아파트","서울특별시 서초구 효령로**길 **, **동 ***호 (서초동, 현대아파트)","06726","다.사라","2026-01-23 14:03:14","I","2026-01-25 00:20:02","","202201.063493334","442733.013889532","전자상거래(통신판매업)","0","0","","","","0","0","0","0","0","","0","0","N","0","","","",
"58","건강기능식품일반판매업","07_22_03_P","3210000","3210000-134-2026-00021","2026-01-23","","01","영업/정상","01","영업","","","","","","","137-905","서울특별시 서초구 잠원동 **-**","서울특별시 서초구 신반포로**길 * (잠원동)","06531","주식회사 데일리랩스","2026-01-23 14:26:35","I","2026-01-25 00:20:02","","201678.424779458","445413.537511821","전자상거래(통신판매업)","0","0","","","","0","0","0","0","0","","0","0","N","0","","","",
"59","건강기능식품일반판매업","07_22_03_P","4050000","5640000-134-2026-00017","2026-01-21","","01","영업/정상","01","영업","","","","","","","448-823","경기도 용인시 수지구 상현동 ***-* 상현프라자","경기도 용인시 수지구 상현로 *, 상현프라자 *층 ***호 일부(***-*)호 (상현동)","16938","뉴앰케이주식회사","2026-01-23 10:12:23","I","2026-01-25 00:20:02","","206567.417519174","422340.172912108","전자상거래(통신판매업)","0","0","","","","0","0","0","0","0","","0","0","N","0","","","",
"60","건강기능식품일반판매업","07_22_03_P","4050000","5640000-134-2026-00018","2026-01-23","","01","영업/정상","01","영업","","","","","","","448-803","경기도 용인시 수지구 죽전동 *** 죽전퍼스트하임 상가동","경기도 용인시 수지구 대지로 **, 상가동 *층 ***호 일부호 (죽전동, 죽전퍼스트하임)","16872","주옥마켓","2026-01-23 13:53:52","I","2026-01-25 00:20:02","","210066.479871566","425304.139869458","전자상거래(통신판매업)","0","0","","","","0","0","0","0","0","","0","0","N","0","","","",
"61","건강기능식품일반판매업","07_22_03_P","4050000","5640000-134-2026-00019","2026-01-23","","01","영업/정상","01","영업","","","","","","","448-130","경기도 용인시 수지구 상현동 *** 광교쌍용포레듀엔 ****동 ****호","경기도 용인시 수지구 상현로 **-*, ****동 ****호 (상현동, 광교쌍용포레듀엔)","16941","올결마켓","2026-01-23 14:02:33","I","2026-01-25 00:20:02","","206737.9331122","422196.790575514","전자상거래(통신판매업)","0","0","","","","0","0","0","0","0","","0","0","N","0","","","",
"62","건강기능식품일반판매업","07_22_03_P","5380000","5380000-134-2026-00016","2026-01-23","","01","영업/정상","01","영업","","","","","","16.50","626-815","경상남도 양산시 물금읍 범어리 ****-*","경상남도 양산시 물금읍 화합*길 *-*, *층 일부호","50610","주식회사 편한가 물금지점","2026-01-23 10:58:32","I","2026-01-25 00:20:02","","382497.99837479","205198.575606898","영업장판매","0","0","","","","0","0","0","0","0","자가","0","0","N","16.5","","","",
"63","건강기능식품일반판매업","07_22_03_P","3910000","3910029-134-2026-00008","2026-01-22","","01","영업/정상","01","영업","","","","","","26.45","459-110","경기도 평택시 지산동 ***-** 갤러리하우스에이동","경기도 평택시 송탄로 ***, ***호 (지산동, 갤러리하우스에이동)","17765","제이케이홀딩스","2026-01-23 08:32:27","I","2026-01-25 00:20:02","","205208.783339508","396788.901304094","전자상거래(통신판매업)","0","0","","","상수도전용","0","0","0","0","0","자가","0","0","N","0","","","",
"64","건강기능식품일반판매업","07_22_03_P","3040000","3040000-134-2026-00011","2026-01-23","","01","영업/정상","01","영업","","","","","","0.00","143-900","서울특별시 광진구 중곡동 ***-*","서울특별시 광진구 동일로**길 **, *층 (중곡동)","04905","생생마켓","2026-01-23 09:28:11","I","2026-01-25 00:20:02","","206967.640314597","451727.567159757","전자상거래(통신판매업)","0","0","","","","0","0","0","0","0","임대","0","0","N","0","","","",
"65","건강기능식품일반판매업","07_22_03_P","4830000","4830000-134-2026-00003","2026-01-23","","01","영업/정상","01","영업","","","","","","3.30","520-952","전라남도 나주시 이창동 ***-*","전라남도 나주시 영산포로 *** (이창동)","58265","세븐일레븐 뉴나주이창점","2026-01-23 14:03:20","I","2026-01-25 00:20:02","","173177.499833076","166263.329745728","기타 건강기능식품일반판매업","0","0","","","","0","0","0","0","0","자가","0","0","N","0","","","",
"66","건강기능식품일반판매업","07_22_03_P","4691000","4691000-134-2026-00005","2026-01-23","","01","영업/정상","01","영업","","","","","","22.00","","전북특별자치도 정읍시 상동 ***-* 상리이발관","전북특별자치도 정읍시 충정로 *** (상동)","56189","한스라벨르 프랜차이즈 상동점","2026-01-23 13:55:16","I","2026-01-25 00:20:02","","187773.213264596","229386.581127024","영업장판매","0","0","","","","0","0","0","0","0","자가","0","0","N","0","","","",
"67","건강기능식품일반판매업","07_22_03_P","4641000","4651000-134-2018-00092","2018-02-21","","01","영업/정상","01","영업","","","","","","72.00","","전북특별자치도 전주시 완산구 평화동*가 ***-* 최강수학학원","전북특별자치도 전주시 완산구 모악로 ****, *층 (평화동*가)","55134","애터미전주모아센터","2026-01-23 16:39:43","I","2026-01-25 00:20:02","","211842.872745013","254828.778779742","영업장판매","0","0","","","","0","0","0","0","0","","0","0","N","0","","","",
"68","건강기능식품일반판매업","07_22_03_P","4641000","4651000-134-2026-00008","2026-01-23","","01","영업/정상","01","영업","","","","","","","","전북특별자치도 전주시 완산구 중화산동*가 ***-**","전북특별자치도 전주시 완산구 영선로 **-*, *층 (중화산동*가)","54981","백세담","2026-01-23 17:10:19","I","2026-01-25 00:20:02","","211124.900955786","258262.493243037","영업장판매","0","0","","","","0","0","0","0","0","","0","0","N","0","","","",
"69","건강기능식품일반판매업","07_22_03_P","4641000","4661000-134-2026-00006","2026-01-23","","01","영업/정상","01","영업","","","","","063 9016656","","","전북특별자치도 전주시 덕진구 중동 ***-**","전북특별자치도 전주시 덕진구 안전로 ***, *층 ***호 (중동)","54871","제이원팜주식회사","2026-01-23 16:37:59","I","2026-01-25 00:20:02","","205256.459815572","259593.177674192","기타 건강기능식품일반판매업","0","0","","","","0","0","0","0","0","","0","0","N","0","","","",
"70","건강기능식품일반판매업","07_22_03_P","3410000","3410000-134-2026-00003","2026-01-23","","01","영업/정상","01","영업","","","","","","","700-191","대구광역시 중구 종로*가 ****-**** *층 S**호","대구광역시 중구 국채보상로 ***-*, *층 S**호 (종로*가)","41935","으노마뚜","2026-01-23 13:45:04","I","2026-01-25 00:20:02","","343688.735897065","264538.847493252","전자상거래(통신판매업)","0","0","","","","0","0","0","0","0","","0","0","N","0","","","",
"71","건강기능식품일반판매업","07_22_03_P","3410000","3410000-134-2026-00004","2026-01-23","","01","영업/정상","01","영업","","","","","","","700-191","대구광역시 중구 종로*가 ****-**** *층 S**호","대구광역시 중구 국채보상로 ***-*, *층 S**호 (종로*가)","41935","여노마뚜","2026-01-23 13:45:30","I","2026-01-25 00:20:02","","343688.735897065","264538.847493252","전자상거래(통신판매업)","0","0","","","","0","0","0","0","0","","0","0","N","0","","","",
"72","건강기능식품일반판매업","07_22_03_P","3560000","3560000-134-2026-00040","2026-01-22","","01","영업/정상","01","영업","","","","","","","404-310","인천광역시 서구 당하동 ****-* 그린프라자 ***-F**호","인천광역시 서구 고산후로**번길 **, 그린프라자 ***호 일부호 (당하동)","22682","무지개온마켓","2026-01-23 09:06:37","I","2026-01-25 00:20:02","","173119.787728896","454530.318561169","전자상거래(통신판매업)","0","0","","","","0","0","0","0","0","","0","0","N","0","","","",
"73","건강기능식품일반판매업","07_22_03_P","3560000","3560000-134-2026-00041","2026-01-22","","01","영업/정상","01","영업","","","","","","","404-310","인천광역시 서구 당하동 ****-* 그린프라자 ***-W**호","인천광역시 서구 고산후로**번길 **, 그린프라자 ***호 일부호 (당하동)","22682","팔오복디","2026-01-23 13:48:29","I","2026-01-25 00:20:02","","173119.787728896","454530.318561169","전자상거래(통신판매업)","0","0","","","","0","0","0","0","0","","0","0","N","0","","","",
"74","건강기능식품일반판매업","07_22_03_P","3560000","3560000-134-2026-00042","2026-01-23","","01","영업/정상","01","영업","","","","","","","404-310","인천광역시 서구 당하동 ****-* 그린프라자 ***-P**호","인천광역시 서구 고산후로**번길 **, 그린프라자 ***호 일부호 (당하동)","22682","유앤파트너스","2026-01-23 14:44:12","I","2026-01-25 00:20:02","","173119.787728896","454530.318561169","전자상거래(통신판매업)","0","0","","","","0","0","0","0","0","","0","0","N","0","","","",
"75","건강기능식품일반판매업","07_22_03_P","3560000","3560000-134-2026-00043","2026-01-23","","01","영업/정상","01","영업","","","","","","","404-310","인천광역시 서구 당하동 ****-* 그린프라자 ***-M**호","인천광역시 서구 고산후로**번길 **, 그린프라자 ***호 일부호 (당하동)","22682","시소살롱(SEASAW SALON)","2026-01-23 14:57:01","I","2026-01-25 00:20:02","","173119.787728896","454530.318561169","전자상거래(통신판매업)","0","0","","","","0","0","0","0","0","","0","0","N","0","","","",
"76","건강기능식품일반판매업","07_22_03_P","3560000","3560000-134-2026-00044","2026-01-23","","01","영업/정상","01","영업","","","","","","","404-290","인천광역시 서구 왕길동 ***-* *호","인천광역시 서구 버들로 **, *층 일부호 (왕길동)","22657","다이클로 오류검단자이점","2026-01-23 15:13:13","I","2026-01-25 00:20:02","","168112.157382829","455018.281976588","전자상거래(통신판매업)","0","0","","","","0","0","0","0","0","","0","0","N","0","","","",
"77","건강기능식품일반판매업","07_22_03_P","3050000","3050000-134-2026-00023","2026-01-23","","01","영업/정상","01","영업","","","","","","3.30","130-876","서울특별시 동대문구 휘경동 ***-*","서울특별시 동대문구 회기로 ***, *층 ***-E***호 (휘경동)","02445","수담","2026-01-23 11:23:28","I","2026-01-25 00:20:02","","205022.515415062","454212.542182175","전자상거래(통신판매업)","0","0","","","","0","0","0","0","0","임대","0","0","N","3.3","","","",
"78","건강기능식품일반판매업","07_22_03_P","4820000","4820000-134-2026-00004","2026-01-23","","01","영업/정상","01","영업","","","","","","3.30","540-180","전라남도 순천시 저전동 ***-* *층","전라남도 순천시 중앙로 **, *층 (저전동)","57957","코카리스","2026-01-23 16:30:58","I","2026-01-25 00:20:02","","244203.879859736","161317.885939715","영업장판매","0","0","","","","0","0","0","0","0","자가","0","0","N","3.3","","","",
"79","건강기능식품일반판매업","07_22_03_P","4400000","4400000-134-2026-00002","2026-01-23","","01","영업/정상","01","영업","","","","","","","390-881","충청북도 제천시 백운면 운학리 **-*","충청북도 제천시 백운면 구학산로**길 **-*","27102","어메이징쇼핑","2026-01-23 11:20:05","I","2026-01-25 00:20:02","","289547.294995824","412341.809410604","전자상거래(통신판매업)","0","0","","","","0","0","0","0","0","","0","0","N","0","","","",
"80","건강기능식품일반판매업","07_22_03_P","5600000","5600000-134-2026-00003","2026-01-23","","01","영업/정상","01","영업","","","","","","30.00","487-831","경기도 포천시 내촌면 내리 ***-** 주건축물제*동","경기도 포천시 내촌면 내촌로 **-**, 주건축물제*동","11189","주식회사 모다논","2026-01-23 13:14:45","I","2026-01-25 00:20:02","","220049.224458506","475726.802309674","영업장판매","0","0","","","","0","0","0","0","0","자가","0","0","N","0","","","",
"81","건강기능식품일반판매업","07_22_03_P","3150000","3150000-134-2026-00028","2026-01-23","","01","영업/정상","01","영업","","","","","","0.00","157-220","서울특별시 강서구 방화동 *** 동부센트레빌아파트 ***동 ***호","서울특별시 강서구 방화대로**길 **, ***동 ***호 (방화동, 동부센트레빌아파트)","07517","월드와이즈(World Wise)","2026-01-23 09:44:03","I","2026-01-25 00:20:02","","183585.729347519","452506.328501406","전자상거래(통신판매업)","0","0","","","","0","0","0","0","0","임대","0","0","N","0","","","",
"82","건강기능식품일반판매업","07_22_03_P","3150000","3150000-134-2026-00029","2026-01-23","","01","영업/정상","01","영업","","","","","","0.00","157-846","서울특별시 강서구 방화동 ***-** 씨티하우스 *층","서울특별시 강서구 방화대로**길 **, 씨티하우스 *층 (방화동)","07604","유정사우나","2026-01-23 13:48:12","I","2026-01-25 00:20:02","","183434.214647884","451983.994387909","전자상거래(통신판매업)","0","0","","","","0","0","0","0","0","임대","0","0","N","0","","","",
"83","건강기능식품일반판매업","07_22_03_P","4490000","4490000-134-2026-00020","2026-01-23","","01","영업/정상","01","영업","","","","","","","331-957","충청남도 천안시 서북구 두정동 ***-* 두정역범양레우스 알파","충청남도 천안시 서북구 두정공원*길 **, ***동 ***호 (두정동, 두정역범양레우스 알파)","31112","뉴트리온케어","2026-01-23 13:44:16","I","2026-01-25 00:20:02","","213800.689273427","370474.76458411","전자상거래(통신판매업)","0","0","","","","0","0","0","0","0","","0","0","N","0","","","",
"84","건강기능식품일반판매업","07_22_03_P","4490000","4490000-134-2026-00021","2026-01-23","","01","영업/정상","01","영업","","","","","","","330-940","충청남도 천안시 동남구 신방동 ****","충청남도 천안시 동남구 통정*로 **, *층 ***,***호 (신방동)","31208","지에스25천안신방센터점","2026-01-23 14:23:36","I","2026-01-25 00:20:02","","211462.530204237","363564.705801517","영업장판매","0","0","","","","0","0","0","0","0","","0","0","N","0","","","",
"85","건강기능식품일반판매업","07_22_03_P","4490000","4490000-134-2026-00022","2026-01-23","","01","영업/정상","01","영업","","","","","","","330-270","충청남도 천안시 동남구 청당동 ***","충청남도 천안시 동남구 청수*로 **, ***동 ***호 (청당동, 청수한양수자인)","31199","리아한상점","2026-01-23 16:17:52","I","2026-01-25 00:20:02","","213383.551416579","364661.698132346","전자상거래(통신판매업)","0","0","","","","0","0","0","0","0","","0","0","N","0","","","",
"86","건강기능식품일반판매업","07_22_03_P","5700000","5700000-134-2026-00005","2026-01-23","","01","영업/정상","01","영업","","","","","","72.21","469-107","경기도 여주시 하동 ***-*","경기도 여주시 여흥로**번길 **-*, *층 (하동)","12623","에가디스","2026-01-23 13:22:56","I","2026-01-25 00:20:02","","255668.105964141","422155.385226536","영업장판매","0","0","","","","0","0","0","0","0","자가","0","0","N","0","","","",
"87","건강기능식품일반판매업","07_22_03_P","5700000","5700000-134-2026-00006","2026-01-23","","01","영업/정상","01","영업","","","","","","3.30","469-122","경기도 여주시 현암동 ***-*","경기도 여주시 현암로 **, *층 ***호 (현암동)","12638","치얼스핏 랩","2026-01-23 13:43:57","I","2026-01-25 00:20:02","","255982.286995382","423546.519501683","전자상거래(통신판매업)","0","0","","","","0","0","0","0","0","임대","0","0","N","0","","","",
"88","건강기능식품일반판매업","07_22_03_P","3540000","3540000-134-2026-00013","2026-01-23","","01","영업/정상","01","영업","","","","","","","403-835","인천광역시 부평구 산곡동 ***-* 현대아파트 상가제*동 *층 ****호일부호","인천광역시 부평구 안남로 ***, 상가제*동 *층 ****호 일부호 (산곡동, 현대아파트)","21363","달구나","2026-01-23 09:09:44","I","2026-01-25 00:20:02","","174336.502608179","444859.765407744","영업장판매","0","0","","","","0","0","0","0","0","","0","0","N","0","","","",
"89","건강기능식품일반판매업","07_22_03_P","3010000","3010000-134-2026-00017","2026-01-23","","01","영업/정상","01","영업","","","","","","3.30","100-837","서울특별시 중구 신당동 *** 맥스타일","서울특별시 중구 마장로 *, 맥스타일 *****호 (신당동)","04567","정유찬","2026-01-23 17:34:54","I","2026-01-25 00:20:02","","200863.594130764","451837.481623546","전자상거래(통신판매업)","0","0","","","","0","0","0","0","0","자가","0","0","N","3.3","","","",
"90","건강기능식품일반판매업","07_22_03_P","3990000","3990000-134-2023-00633","2023-10-06","","01","영업/정상","01","영업","","","","","","2.00","472-501","경기도 남양주시 별내동 **** 별내역 아이파크 스위트 ***동 ****호 일부","경기도 남양주시 별내중앙로 **, 별내역 아이파크 스위트 ***동 ****호 일부 (별내동)","12113","라벤더","2026-01-23 10:58:57","I","2026-01-25 00:20:02","","211165.167194474","460284.287983948","전자상거래(통신판매업)","0","0","","","","0","0","0","0","0","","0","0","N","0","","","",
"91","건강기능식품일반판매업","07_22_03_P","3990000","3990000-134-2026-00056","2026-01-23","","01","영업/정상","01","영업","","","","","","3.30","","경기도 남양주시 다산동 **** 다산 푸르지오 ****동 ****호","경기도 남양주시 다산중앙로**번안길 **, ****동 ****호 (다산동, 다산 푸르지오)","12249","오케이티유통","2026-01-23 09:10:48","I","2026-01-25 00:20:02","","214451.233137621","456966.465353183","전자상거래(통신판매업)","0","0","","","","0","0","0","0","0","임대","0","0","N","0","","","",
"92","건강기능식품일반판매업","07_22_03_P","3990000","3990000-134-2026-00057","2026-01-23","","01","영업/정상","01","영업","","","","","","3.00","472-501","경기도 남양주시 별내동 ***-* 스카이프라자 ***호 일부(Y**호)","경기도 남양주시 별내*로 ***, 스카이프라자 *** 일부호 (별내동)","12097","가온누리 픽앤라이프","2026-01-23 16:21:45","I","2026-01-25 00:20:02","","210314.39","462650.455","전자상거래(통신판매업)","0","0","","","","0","0","0","0","0","자가","0","0","N","0","","","",
"93","건강기능식품일반판매업","07_22_03_P","3990000","3990000-134-2026-00058","2026-01-23","","01","영업/정상","01","영업","","","","","","42.38","472-140","경기도 남양주시 평내동 *** e편한세상 평내 메트로원 근린생활시설*동 ***호","경기도 남양주시 평내로 ***, 근린생활시설*동 ***호 (평내동, e편한세상 평내 메트로원)","12218","다이클로 e편한세상평내메트로원점","2026-01-23 17:22:22","I","2026-01-25 00:20:02","","221178.880417727","460657.128164109","영업장판매","0","0","","","","0","0","0","0","0","임대","0","0","N","0","","","",
"94","건강기능식품일반판매업","07_22_03_P","3450000","3450000-134-2026-00011","2026-01-23","","01","영업/정상","01","영업","","","","","","","702-783","대구광역시 북구 침산동 ***-* 현대아파트","대구광역시 북구 침산로 ***, ***동 ***호 (침산동, 현대아파트)","41559","투복파파","2026-01-23 14:49:10","I","2026-01-25 00:20:02","","343394.542868456","266729.277539165","전자상거래(통신판매업)","0","0","","","","0","0","0","0","0","","0","0","N","0","","","",
"95","건강기능식품일반판매업","07_22_03_P","5350000","5350000-134-2026-00007","2026-01-23","","01","영업/정상","01","영업","","","","","","","621-300","경상남도 김해시 관동동 ***-* 팔판마을*단지푸르지오아파트 ***동 ****호","경상남도 김해시 팔판로 **, ***동 ****호 (관동동, 팔판마을*단지푸르지오아파트)","50998","임수네창고","2026-01-23 09:17:17","I","2026-01-25 00:20:02","","363191.194639662","187896.817556172","전자상거래(통신판매업)","0","0","","","","0","0","0","0","0","","0","0","N","0","","","",
"96","건강기능식품일반판매업","07_22_03_P","5590000","5590000-134-2026-00044","2026-01-23","","01","영업/정상","01","영업","","","","","","","482-030","경기도 양주시 광사동 ***-* **호 일부(Y**호)","경기도 양주시 부흥로 ****, 다온프라자 ***호 일부(Y**호) (광사동)","11492","브랜드잇","2026-01-23 10:54:47","I","2026-01-25 00:20:02","","206791.534296123","476907.445167702","전자상거래(통신판매업)","0","0","","","","0","0","0","0","0","","0","0","N","0","","","",
"97","건강기능식품일반판매업","07_22_03_P","5590000","5590000-134-2026-00045","2026-01-16","","01","영업/정상","01","영업","","","","","","0.00","482-080","경기도 양주시 만송동 *** 상가동 ***,*호","경기도 양주시 고읍북로 ***, 은빛마을 휴먼시아 상가동 ***,***,***,***호 일부호 (만송동)","11493","씨유 뉴양주고읍주공점","2026-01-23 16:20:29","I","2026-01-25 00:20:02","","207489.542871542","476853.893934171","영업장판매","0","0","","","","0","0","0","0","0","자가","0","0","N","0","","","",
"98","건강기능식품일반판매업","07_22_03_P","3930000","3930000-134-2026-00021","2026-01-22","","01","영업/정상","01","영업","","","","","","22.03","425-801","경기도 안산시 단원구 고잔동 ***","경기도 안산시 단원구 원고잔로 **, ***호 (고잔동)","15357","이룸디앤엠","2026-01-23 13:48:04","I","2026-01-25 00:20:02","","184623.217937776","424161.578052992","전자상거래(통신판매업)","0","0","","","","0","0","0","0","0","자가","0","0","N","0","","","",
"99","건강기능식품일반판매업","07_22_03_P","3930000","3930000-134-2026-00022","2026-01-23","","01","영업/정상","01","영업","","","","","","","425-130","경기도 안산시 단원구 원곡동 **** 안산 푸르지오 브리파크","경기도 안산시 단원구 라성로 **, ***호 (원곡동, 안산 푸르지오 브리파크)","15390","자담인 안산브리파크점","2026-01-23 17:24:36","I","2026-01-25 00:20:02","","","","전자상거래(통신판매업)","0","0","","","","0","0","0","0","0","","0","0","N","0","","","",
"100","건강기능식품일반판매업","07_22_03_P","3090000","3090000-134-2022-00217","2022-02-09","","01","영업/정상","01","영업","","","","","","3.30","132-848","서울특별시 도봉구 방학동 ***-*","서울특별시 도봉구 방학로 ***, *층 *-A***호 (방학동)","01357","헬스준","2026-01-23 14:52:05","I","2026-01-25 00:20:02","","202801.249503695","462239.217329029","전자상거래(통신판매업)","0","0","","","","0","0","0","0","0","","0","0","N","0","","","",
"101","건강기능식품일반판매업","07_22_03_P","4500000","4500000-134-2026-00003","2026-01-22","","01","영업/정상","01","영업","","","","","","","314-803","충청남도 공주시 신관동 ***","충청남도 공주시 신금*길 **-**, *층 (신관동)","32578","125담다","2026-01-23 17:25:48","I","2026-01-25 00:20:02","","212906.242431411","330500.382952877","전자상거래(통신판매업)","0","0","","","","0","0","0","0","0","","0","0","N","0","","","",
"102","건강기능식품일반판매업","07_22_03_P","3620000","3620000-134-2026-00012","2026-01-23","","01","영업/정상","01","영업","","","","","","3.30","500-836","광주광역시 북구 오치동 ****-** *층","광주광역시 북구 대천로 **, *층 (오치동)","61132","태경메딕스","2026-01-23 14:22:26","I","2026-01-25 00:20:02","","192195.361142086","187336.023811355","영업장판매","0","0","","","","0","0","0","0","0","자가","0","0","N","0","","","",
"103","건강기능식품일반판매업","07_22_03_P","3060000","3060000-134-2026-00014","2026-01-23","","01","영업/정상","01","영업","","","","","","","131-807","서울특별시 중랑구 망우동 ***-* 드림씨티","서울특별시 중랑구 봉우재로**길 **, ***동 ***호 (망우동, 드림씨티)","02173","코코세미","2026-01-23 14:12:21","I","2026-01-25 00:20:02","","208615.120913215","454582.66657241","전자상거래(통신판매업)","0","0","","","","0","0","0","0","0","","0","0","N","0","","","",
"104","건강기능식품일반판매업","07_22_03_P","3060000","3060000-134-2026-00015","2026-01-23","","01","영업/정상","01","영업","","","","","","","131-817","서울특별시 중랑구 면목동 **-**","서울특별시 중랑구 면목로**길 **, *층 (면목동)","02160","규율과루틴","2026-01-23 14:15:54","I","2026-01-25 00:20:02","","207777.749020618","454248.997680593","전자상거래(통신판매업)","0","0","","","","0","0","0","0","0","","0","0","N","0","","","",
"105","건강기능식품일반판매업","07_22_03_P","3170000","3170000-134-2026-00009","2026-01-23","","01","영업/정상","01","영업","","","","","","","153-841","서울특별시 금천구 시흥동 ***-**","서울특별시 금천구 탑골로 *, *층 (시흥동)","08574","점핑 다이어트","2026-01-23 15:55:59","I","2026-01-25 00:20:02","","191948.466942039","438749.684135648","영업장판매","0","0","","","","0","0","0","0","0","","0","0","N","0","","","",
"106","건강기능식품일반판매업","07_22_03_P","5020000","5040000-134-2022-00124","2022-08-19","","01","영업/정상","01","영업","","","","","041 544 2475","9.90","791-841","경상북도 포항시 북구 죽도동 **-* *층","경상북도 포항시 북구 중흥로 ***, *층 (죽도동)","37745","알티시(RTC) 생활건강","2026-01-23 15:40:37","I","2026-01-25 00:20:02","","413056.754416426","283804.464451073","영업장판매","0","0","","","","0","0","0","0","0","자가","0","0","N","9.9","","","",
"107","건강기능식품일반판매업","07_22_03_P","5350000","5350000-134-2026-00008","2026-01-23","","01","영업/정상","01","영업","","","","","","","621-290","경상남도 김해시 삼문동 **-* 젤미마을*단지대동피렌체앙코르아파트 ***동 ****호","경상남도 김해시 번화*로 ***, ***동 ****호 (삼문동, 젤미마을*단지대동피렌체앙코르아파트)","50985","예진스스토어","2026-01-23 13:13:46","I","2026-01-25 00:20:02","","363819.18067301","190087.59717677","전자상거래(통신판매업)","0","0","","","","0","0","0","0","0","","0","0","N","0","","","",
"108","건강기능식품일반판매업","07_22_03_P","3860000","3860000-134-2026-00033","2026-01-23","","01","영업/정상","01","영업","","","","","","10.00","","경기도 부천시 원미구 소사동 **-** 보강빌라 ***동 ***호 일부호","경기도 부천시 원미구 소사로***번길 **, ***동 ***호 일부호 (소사동, 보강빌라)","14660","밴픽","2026-01-23 09:30:08","I","2026-01-25 00:20:02","","182067.501120385","442583.74041232","전자상거래(통신판매업)","0","0","","","","0","0","0","0","0","자가","0","0","N","0","","","",
"109","건강기능식품일반판매업","07_22_03_P","3860000","3860000-134-2026-00034","2026-01-23","","01","영업/정상","01","영업","","","","","","42.00","","경기도 부천시 원미구 중동 **** 힐스테이트 중동 ***동 ****호","경기도 부천시 원미구 길주로 ***, 힐스테이트 중동 ***동 ****호 (중동, 힐스테이트 중동)","14547","클린24","2026-01-23 10:43:13","I","2026-01-25 00:20:02","","179427.40778259","444580.076928048","기타(복합 등)","0","0","","","","0","0","0","0","0","자가","0","0","N","0","","","",
"110","건강기능식품일반판매업","07_22_03_P","3860000","3860000-134-2026-00035","2026-01-23","","01","영업/정상","01","영업","","","","","","","","경기도 부천시 소사구 범박동 ***-* 부천 범박 힐스테이트 *단지 ***동 ****호","경기도 부천시 소사구 범안로 ***-**, ***동 ****호 (범박동, 부천 범박 힐스테이트 *단지)","14778","일쩜오시","2026-01-23 13:19:42","I","2026-01-25 00:20:02","","182936.788635548","440785.851884714","전자상거래(통신판매업)","0","0","","","","0","0","0","0","0","","0","0","N","0","","","",
"111","건강기능식품일반판매업","07_22_03_P","4000000","4000000-134-2026-00006","2026-01-23","","01","영업/정상","01","영업","","","","","","3.30","447-716","경기도 오산시 원동 *** 동부삼환아파트 ***동 ***호","경기도 오산시 경기대로 **-**, ***동 *층 ***호 (원동, 동부삼환아파트)","18146","유니유통","2026-01-23 11:13:58","I","2026-01-25 00:20:02","","206228.849252782","403453.801580061","전자상거래(통신판매업)","0","0","","","","0","0","0","0","0","임대","0","0","N","3.3","","","",
"112","건강기능식품일반판매업","07_22_03_P","3670000","3670000-134-2023-00262","2023-01-09","","01","영업/정상","01","영업","","","","","","","305-251","대전광역시 유성구 대정동 ***-* 대전드리움아파트*단지 ***동 지상*층 ***호","대전광역시 유성구 대정로**번길 **, ***동 지상*층 ***호 (대정동, 대전드리움아파트*단지)","34219","안녕하세우","2026-01-23 16:11:31","I","2026-01-25 00:20:02","","228908.734229945","312615.315513407","전자상거래(통신판매업)","0","0","","","","0","0","0","0","0","","0","0","N","0","","","",
"113","건강기능식품일반판매업","07_22_03_P","3670000","3670000-134-2026-00014","2026-01-23","","01","영업/정상","01","영업","","","","","","","305-500","대전광역시 유성구 용산동 *** 호반그랜드프라자 지상*층 ***,***,***,***호","대전광역시 유성구 용산*로 **, 호반그랜드프라자 지상*층 ***,***,***,***호 (용산동)","34040","지에스더프레스 대전용산점","2026-01-23 16:45:22","I","2026-01-25 00:20:02","","","","영업장판매","0","0","","","","0","0","0","0","0","","0","0","N","0","","","",
"114","건강기능식품일반판매업","07_22_03_P","3670000","3670000-134-2026-00015","2026-01-23","","01","영업/정상","01","영업","","","","","","","305-313","대전광역시 유성구 상대동 *** 대전도안센트럴아이파크*단지오피스텔 지하*층 B***,B***,B***호","대전광역시 유성구 상대복용로**번길 *-*, 대전도안센트럴아이파크*단지오피스텔 지하*층 B***,B***,B***호 (상대동)","34201","파머스161 도안점","2026-01-23 18:43:07","I","2026-01-25 00:20:02","","","","영업장판매","0","0","","","","0","0","0","0","0","","0","0","N","0","","","",
"115","건강기능식품일반판매업","07_22_03_P","3670000","3670000-134-2026-00016","2026-01-21","","01","영업/정상","01","영업","","","","","","","305-812","대전광역시 유성구 전민동 ***-* 엑스포아파트 ***동 지상**층 ****호","대전광역시 유성구 엑스포로 ***, ***동 지상**층 ****호 (전민동, 엑스포아파트)","34049","루엔","2026-01-23 17:58:28","I","2026-01-25 00:20:02","","236520.746766168","322196.41669646","전자상거래(통신판매업)","0","0","","","","0","0","0","0","0","","0","0","N","0","","","",
"116","건강기능식품일반판매업","07_22_03_P","3460000","3460000-134-2026-00014","2026-01-23","","01","영업/정상","01","영업","","","","","","","706-220","대구광역시 수성구 시지동 ***-* *층","대구광역시 수성구 노변공원로 **, *층 (시지동)","42256","세븐일레븐대구노변공원점","2026-01-23 15:47:45","I","2026-01-25 00:20:02","","353437.626451452","261445.304014812","영업장판매","0","0","","","","0","0","0","0","0","","0","0","N","0","","","",
"117","건강기능식품일반판매업","07_22_03_P","3560000","3560000-134-2004-00038","2004-06-17","","01","영업/정상","01","영업","","","","","032 5711541","","404-839","인천광역시 서구 가정동 ***-* *층 ***호","인천광역시 서구 가정로 *** (가정동,*층 ***호)","22783","녹십초알로에서구지사","2026-01-23 16:59:00","U","2026-01-25 02:40:00","","171018.471964549","445767.103880023","방문판매","0","0","","","","0","0","0","0","0","","0","0","N","0","","","",
"118","건강기능식품일반판매업","07_22_03_P","3830000","3830000-134-2017-00112","2017-10-25","","03","폐업","02","폐업","2026-01-23","","","","","","431-804","경기도 안양시 동안구 관양동 ***-* 평촌스마트베이 지상**층 A동 ****호","경기도 안양시 동안구 벌말로 ***, A동 지상**층 ****호 (관양동, 평촌스마트베이)","14056","주식회사더드림커머스","2026-01-23 13:18:48","U","2026-01-25 02:40:00","","197122.193343292","433040.433611872","전자상거래(통신판매업)","0","0","","","","0","0","0","0","0","","0","0","N","0","","","",
"119","건강기능식품일반판매업","07_22_03_P","4520000","4520000-134-2019-00009","2019-02-11","","03","폐업","02","폐업","2026-01-23","","","","041 5784740","0.75","336-851","충청남도 아산시 배방읍 북수리 **** *층 ***호","충청남도 아산시 배방읍 북수서로 **, *층 ***호","31492","3go점핑찜질","2026-01-23 15:58:48","U","2026-01-25 02:40:00","","206158.814452476","363563.757688354","영업장판매","0","0","","","","0","0","0","0","0","자가","0","0","N","0","","","",
"120","건강기능식품일반판매업","07_22_03_P","3560000","3560000-134-2023-00335","2023-08-25","","01","영업/정상","01","영업","","","","","","","404-310","인천광역시 서구 당하동 ****-* 우미린 파크뷰 *단지 ***동 ****호","인천광역시 서구 이음*로 **, ***동 ****호 (당하동, 우미린 파크뷰 *단지)","22879","박군","2026-01-23 16:57:57","U","2026-01-25 02:40:00","","","","전자상거래(통신판매업)","0","0","","","","0","0","0","0","0","","0","0","N","0","","","",
"121","건강기능식품일반판매업","07_22_03_P","5050000","5050000-134-2023-00031","2023-07-03","","03","폐업","02","폐업","2026-01-23","","","","","594.80","780-931","경상북도 경주시 노서동 ***-**","경상북도 경주시 금성로 ***-*, *층 (노서동)","38158","선우쇼핑 경주지점","2026-01-23 13:18:02","U","2026-01-25 02:40:00","","399362.971131285","262413.503618393","영업장판매","0","0","","","","0","0","0","0","0","","0","0","N","0","","","",
"122","건강기능식품일반판매업","07_22_03_P","3310000","3310000-134-2023-00085","2023-07-20","","01","영업/정상","01","영업","","","","","051711 6241","1.50","608-809","부산광역시 남구 대연동 ***-* 대연백리명가에덴 ***,호","부산광역시 남구 수영로 ***, *층 ***,***호 (대연동, 대연백리명가에덴)","48497","키움키즈케어","2026-01-23 10:10:42","U","2026-01-25 02:40:00","","390895.739752517","183784.118967179","영업장판매","0","0","","","","0","0","0","0","0","","0","0","N","0","","","",
"123","건강기능식품일반판매업","07_22_03_P","3560000","3560000-134-2005-00017","2005-04-27","","01","영업/정상","01","영업","","","","","032 5690880","","404-160","인천광역시 서구 검암동 * 검암택지*지구 **블럭 *.*.*-*롯트 *층","","","금산부인과","2026-01-23 16:58:36","U","2026-01-25 02:40:00","","","","영업장판매","0","0","","","","0","0","0","0","0","자가","0","0","N","0","","","",
"124","건강기능식품일반판매업","07_22_03_P","3510500","3510500-134-2017-00063","2017-11-17","","03","폐업","02","폐업","2026-01-23","","","","","","","인천광역시 미추홀구 관교동 ***-*","인천광역시 미추홀구 주승로 ***-*, ***호 (관교동)","22229","콕썸스포츠","2026-01-23 09:04:04","U","2026-01-25 02:40:00","","172390.443449262","438207.907454035","영업장판매","0","0","","","","0","0","0","0","0","","0","0","N","0","","","",
"125","건강기능식품일반판매업","07_22_03_P","3740000","3740000-134-2017-00073","2017-04-06","","03","폐업","02","폐업","2026-01-23","","","","031 271 9744","16.50","440-824","경기도 수원시 장안구 율전동 ***-* *층","경기도 수원시 장안구 덕영대로***번길 **, *층 (율전동)","16357","(주)유일약품","2026-01-23 15:43:59","U","2026-01-25 02:40:00","","197461.263487518","422471.571256384","기타(복합 등)","0","0","","","","0","0","0","0","0","자가","0","0","N","0","","","",
"126","건강기능식품일반판매업","07_22_03_P","3230000","3230000-134-2011-00145","2011-06-28","","03","폐업","02","폐업","2026-01-23","","","","02  69246573","20.00","138-934","서울특별시 송파구 신천동 *-** 홈플러스내","서울특별시 송파구 올림픽로**가길 ** (신천동, 홈플러스내)","05510","홈플러스잠실점LG화장품","2026-01-23 11:38:30","U","2026-01-25 02:40:00","","208791.004335031","446072.675891041","영업장판매","0","0","","","","0","0","0","0","0","자가","0","0","N","0","","","",
"127","건강기능식품일반판매업","07_22_03_P","3230000","3230000-134-2017-00178","2017-11-03","","03","폐업","02","폐업","2026-01-23","","","","","","138-934","서울특별시 송파구 신천동 **","서울특별시 송파구 올림픽로 ***, 지하*층 (신천동, 롯데월드타워)","05551","LG생활건강 롯데마트 월드타워점","2026-01-23 11:21:46","U","2026-01-25 02:40:00","","209074.900840074","445657.80932984","영업장판매","0","0","","","","0","0","0","0","0","","0","0","N","0","","","",
"128","건강기능식품일반판매업","07_22_03_P","3230000","3230000-134-2019-00121","2019-05-17","","03","폐업","02","폐업","2026-01-23","","","","","22.68","138-960","서울특별시 송파구 문정동 *** 가든파이브라이프","서울특별시 송파구 충민로 **, 가든파이브라이프 *층 F-****호 (문정동)","05838","지앤프라임","2026-01-23 09:05:56","U","2026-01-25 02:40:00","","210986.460698452","441725.293491662","전자상거래(통신판매업)","0","0","","","","0","0","0","0","0","임대","0","0","N","0","","","",
"129","건강기능식품일반판매업","07_22_03_P","3660000","3660000-134-2024-00210","2024-10-23","","03","폐업","02","폐업","2026-01-23","","","","","","302-812","대전광역시 서구 관저동 ****","대전광역시 서구 관저로***번길 **, *층 일부호 (관저동)","35378","라라샵 관저점","2026-01-23 15:08:06","U","2026-01-25 02:40:00","","230057.557995937","311026.920427225","전자상거래(통신판매업)","0","0","","","","0","0","0","0","0","","0","0","N","0","","","",
"130","건강기능식품일반판매업","07_22_03_P","5530000","5530000-134-2024-00447","2024-10-31","","03","폐업","02","폐업","2026-01-23","","","","","","445-130","경기도 화성시 영천동 ***-*","경기도 화성시 지산*길 **-*, 지하*층 일부(Q***)호 (영천동)","18466","드림물류","2026-01-23 15:39:06","U","2026-01-25 02:40:00","","209913.508794638","411728.876798634","전자상거래(통신판매업)","0","0","","","","0","0","0","0","0","","0","0","N","0","","","",
"131","건강기능식품일반판매업","07_22_03_P","3130000","3130000-134-2024-00174","2024-08-30","","03","폐업","02","폐업","2026-01-23","","","","","","121-892","서울특별시 마포구 창전동 *** 서강한화오벨리스크스위트 ***동 ***호","서울특별시 마포구 창전로 **, ***동 ***호 (창전동, 서강한화오벨리스크스위트)","04086","주식회사 알토웍스","2026-01-23 15:59:28","U","2026-01-25 02:40:00","","193905.437192262","449372.496499689","전자상거래(통신판매업)","0","0","","","","0","0","0","0","0","","0","0","N","0","","","",
"132","건강기능식품일반판매업","07_22_03_P","3230000","3230000-134-2024-00227","2024-09-06","","01","영업/정상","01","영업","","","","","","","138-110","서울특별시 송파구 거여동 *** 거여*단지아파트","서울특별시 송파구 양산로*길 *, ***동 ***호 (거여동, 거여*단지아파트)","05787","몰마마","2026-01-23 10:17:22","U","2026-01-25 02:40:00","","212650.418028885","443013.887195707","전자상거래(통신판매업)","0","0","","","","0","0","0","0","0","","0","0","N","0","","","",
"133","건강기능식품일반판매업","07_22_03_P","3970000","3970000-134-2020-00030","2020-03-30","","01","영업/정상","01","영업","","","","","070 43315357","","427-100","경기도 과천시 갈현동 *** 가비아컨소시엄 사옥","경기도 과천시 과천대로*나길 **, 가비아컨소시엄 사옥 A동 *층 ***호 (갈현동)","13840","(주)가비아씨엔에스","2026-01-23 15:13:58","U","2026-01-25 02:40:00","","198048.907456512","435011.702372977","전자상거래(통신판매업)","0","0","","","","0","0","0","0","0","","0","0","N","0","","","",
"134","건강기능식품일반판매업","07_22_03_P","4520000","4520000-134-2024-00068","2024-08-27","","03","폐업","02","폐업","2026-01-23","","","","","","336-060","충청남도 아산시 풍기동 *** 아산풍기이지더원아파트 **층 ***동 ****호","충청남도 아산시 어의정로 ***, ***동 **층 ****호 (풍기동, 아산풍기이지더원아파트)","31579","성손사 스토어","2026-01-23 16:53:43","U","2026-01-25 02:40:00","","201580.584480924","363756.39591532","전자상거래(통신판매업)","0","0","","","","0","0","0","0","0","","0","0","N","0","","","",
"135","건강기능식품일반판매업","07_22_03_P","4800000","4800000-134-2004-00049","2004-06-16","","01","영업/정상","01","영업","","","","","061 280 6000","","530-828","전라남도 목포시 석현동 *** 외*필지","전라남도 목포시 선곡로 ** (석현동,외*필지)","58669","(주)농협하나로유통농협목포유통센터","2026-01-23 11:22:23","U","2026-01-25 02:40:00","","147751.551679084","146892.172977467","영업장판매","0","0","","","","0","0","0","0","0","","0","0","N","0","","","",
"136","건강기능식품일반판매업","07_22_03_P","5350000","5350000-134-2019-00115","2019-10-16","","01","영업/정상","01","영업","","","","","","6.60","621-805","경상남도 김해시 진영읍 여래리 ***-* *층 일부","경상남도 김해시 진영읍 진영로 ***, *층 일부","50868","인삼한채","2026-01-23 16:47:03","U","2026-01-25 02:40:00","","358056.74153718","201729.41441351","영업장판매","","","","","","","","","","","자가","","","N","30","","","",
"137","건강기능식품일반판매업","07_22_03_P","3690000","3690000-134-2019-00049","2019-11-19","","03","폐업","02","폐업","2026-01-23","","","","","","681-804","울산광역시 중구 반구동 **-* 세창짜임아파트","울산광역시 중구 화합로 ***, ***동 ****호 (반구동, 세창짜임아파트)","44514","애터미","2026-01-23 16:20:23","U","2026-01-25 02:40:00","","411966.143675468","231606.019130533","방문판매","0","0","","","","0","0","0","0","0","","0","0","N","0","","","",
"138","건강기능식품일반판매업","07_22_03_P","3230000","3230000-134-2021-00466","2021-01-13","","03","폐업","02","폐업","2026-01-23","","","","","","138-875","서울특별시 송파구 풍납동 ***-** ID HOUSE","서울특별시 송파구 풍성로**길 **, ID HOUSE *층 ***호 (풍납동)","05525","이터널스토어","2026-01-23 16:53:04","U","2026-01-25 02:40:00","","209912.346051159","447887.952449394","전자상거래(통신판매업)","0","0","","","","0","0","0","0","0","","0","0","N","0","","","",
"139","건강기능식품일반판매업","07_22_03_P","6520000","6520000-134-2024-00030","2024-07-11","","03","폐업","02","폐업","2026-01-23","","","","","","697-859","제주특별자치도 서귀포시 토평동 ***-*","제주특별자치도 서귀포시 ***로 **-*, *층 (토평동)","63604","금산인삼농업협동조합 서귀포하나로점","2026-01-23 13:16:26","U","2026-01-25 02:40:00","","160845.977152567","-26406.9199666465","영업장판매","0","0","","","","0","0","0","0","0","","0","0","N","0","","","",
"140","건강기능식품일반판매업","07_22_03_P","3940000","3940000-134-2024-00415","2024-08-16","","01","영업/정상","01","영업","","","","","","","411-839","경기도 고양시 일산서구 탄현동 *** 큰마을대림,현대아파트","경기도 고양시 일산서구 일현로 ***, ***동 ***호 (탄현동, 큰마을대림,현대아파트)","10239","문베스토어","2026-01-23 16:53:21","U","2026-01-25 02:40:00","","179210.594088434","466527.785777041","전자상거래(통신판매업)","0","0","","","","0","0","0","0","0","","0","0","N","0","","","",
"141","건강기능식품일반판매업","07_22_03_P","3660000","3660000-134-2010-00201","2010-11-01","","03","폐업","02","폐업","2026-01-23","","","","042 536 2800","1.00","302-845","대전광역시 서구 용문동 ***-* (*층)","대전광역시 서구 계룡로 *** (용문동,(*층))","35304","유항외과의원","2026-01-23 16:57:08","U","2026-01-25 02:40:00","","235229.32653576","315306.249352452","영업장판매","0","0","","","","0","0","0","0","0","","0","0","N","0","","","",
"142","건강기능식품일반판매업","07_22_03_P","3670000","3670000-134-2024-00007","2024-01-11","","03","폐업","02","폐업","2026-01-23","","","","","","305-809","대전광역시 유성구 원내동 *** 진잠타운아파트","대전광역시 유성구 진잠로**번길 **, ***동 ****호 (원내동, 진잠타운아파트)","34232","해피리치","2026-01-23 14:49:36","U","2026-01-25 02:40:00","","228782.751837477","310779.299216498","전자상거래(통신판매업)","0","0","","","","0","0","0","0","0","","0","0","N","0","","","",
"143","건강기능식품일반판매업","07_22_03_P","4050000","5630000-134-2016-00056","2016-06-20","","03","폐업","02","폐업","2026-01-22","","","","","","446-916","경기도 용인시 기흥구 중동 ***-* 마당깊은집*호점 *층","경기도 용인시 기흥구 동백*로**번길 *, 마당깊은집*호점 *층 (중동)","17012","(주)지오그래픽스디자인","2026-01-23 09:13:18","U","2026-01-25 02:40:00","","214127.78681832","418092.262355322","전자상거래(통신판매업)","0","0","","","","0","0","0","0","0","","0","0","N","0","","","",
"144","건강기능식품일반판매업","07_22_03_P","5080000","5080000-134-2026-00002","2026-01-09","","01","영업/정상","01","영업","","","","","","0.31","730-824","경상북도 구미시 옥계동 ***-* 스위트캐슬 *층 ***호","경상북도 구미시 산호대로**길 *-*, *층 ***호 (옥계동, 스위트캐슬)","39188","이마트24알구미옥계원룸점","2026-01-23 17:31:21","U","2026-01-25 02:40:00","","327222.743776086","293831.229821735","영업장판매","0","0","","","상수도전용","0","0","0","0","0","","0","0","N","0","","","",
"145","건강기능식품일반판매업","07_22_03_P","5590000","5590000-134-2026-00006","2026-01-09","","01","영업/정상","01","영업","","","","","","0.00","482-010","경기도 양주시 고암동 *** 중흥에스클래스아파트 상가동 ***호","경기도 양주시 고암길 ***-*, 중흥에스클래스아파트 상가동 ***호 (고암동)","11453","소도몰 덕정고암점","2026-01-23 13:06:58","U","2026-01-25 02:40:00","","206593.003008022","481348.445849587","영업장판매","0","0","","","","0","0","0","0","0","자가","0","0","N","0","","","",
"146","건강기능식품일반판매업","07_22_03_P","5080000","5080000-134-2026-00006","2026-01-14","","01","영업/정상","01","영업","","","","","","0.55","730-823","경상북도 구미시 옥계동 ***-* *층","경상북도 구미시 산호대로**길 **, *층 (옥계동)","39186","새길유통8호점","2026-01-23 17:23:36","U","2026-01-25 02:40:00","","327434.728575472","294221.490510986","영업장판매","0","0","","","","0","0","0","0","0","","0","0","N","0","","","",
"147","건강기능식품일반판매업","07_22_03_P","3050000","3050000-134-2025-00209","2025-11-13","","03","폐업","02","폐업","2026-01-23","","","","","1.65","130-864","서울특별시 동대문구 제기동 ***-*","서울특별시 동대문구 고산자로 ***, *층 S**호 (제기동)","02478","메디퓨어","2026-01-23 09:29:21","U","2026-01-25 02:40:00","","203310.557144268","453614.233017951","전자상거래(통신판매업)","0","0","","","","0","0","0","0","0","","0","0","N","1.65","","","",
"148","건강기능식품일반판매업","07_22_03_P","4060000","4060000-134-2026-00008","2026-01-07","","01","영업/정상","01","영업","","","","","","6.60","413-100","경기도 파주시 동패동 **** 물향기마을 *단지","경기도 파주시 물향기*로 ***, 근린생활시설동 ***, ***호 일부호 (동패동, 물향기마을 *단지)","10890","씨유 운정다온점","2026-01-23 10:39:57","U","2026-01-25 02:40:00","","","","영업장판매","0","0","","","","0","0","0","0","0","자가","0","0","N","0","","","",
"149","건강기능식품일반판매업","07_22_03_P","3050000","3050000-134-2026-00016","2026-01-20","","01","영업/정상","01","영업","","","","","","10.20","130-857","서울특별시 동대문구 전농동 *** 청량리역,롯데백화점","서울특별시 동대문구 왕산로 ***, 청량리역,롯데백화점 *층 (전농동)","02555","템피오","2026-01-23 10:50:49","U","2026-01-25 02:40:00","","204238.668571436","452987.485158497","영업장판매","0","0","","","","0","0","0","0","0","임대","0","0","N","10.2","","","",
"150","건강기능식품일반판매업","07_22_03_P","4010000","4010000-134-2026-00014","2026-01-20","","01","영업/정상","01","영업","","","","","","3.30","429-873","경기도 시흥시 거모동 ****-* 미래치과","경기도 시흥시 도일로 ***, 미래치과 *층 일부호 (거모동)","15070","나나스토어","2026-01-23 09:07:19","U","2026-01-25 02:40:00","","180889.026401945","426798.101272062","전자상거래(통신판매업)","0","0","","","","0","0","0","0","0","","0","0","N","0","","","",
"151","건강기능식품일반판매업","07_22_03_P","4170000","4170000-134-2026-00004","2026-01-20","","01","영업/정상","01","영업","","","","","","3.30","476-861","경기도 양평군 청운면 용두리 ***-*","경기도 양평군 청운면 청운로 **-*, *층","12530","힐스템 양평청운지점","2026-01-23 17:18:49","U","2026-01-25 02:40:00","","262739.592457873","450420.12937264","영업장판매","0","0","","","","0","0","0","0","0","자가","0","0","N","0","","","",
"152","건강기능식품일반판매업","07_22_03_P","3010000","3010000-134-2026-00008","2026-01-15","","03","폐업","02","폐업","2026-01-22","","","","","6.60","100-747","서울특별시 중구 충무로*가 **-* 신세계백화점건물","서울특별시 중구 소공로 **, 신세계백화점건물 지하*층 (충무로*가)","04530","바이오렉트라","2026-01-23 04:15:08","U","2026-01-25 02:40:00","","198263.90839194","450960.762964932","영업장판매","0","0","","","","0","0","0","0","0","자가","0","0","N","6.6","","","",
"153","건강기능식품일반판매업","07_22_03_P","3860000","3860000-134-2026-00015","2026-01-15","","03","폐업","02","폐업","2026-01-22","","","","","","","경기도 부천시 원미구 중동 ****-* 현대백화점 중동점 지하*층 일부호","경기도 부천시 원미구 길주로 ***, 현대백화점 중동점 지하*층 일부호 (중동)","14546","(주)엔라이즈","2026-01-23 04:15:09","U","2026-01-25 02:40:00","","178909.579821349","444735.441041218","영업장판매","0","0","","","","0","0","0","0","0","","0","0","N","0","","","",
"154","건강기능식품일반판매업","07_22_03_P","5710000","5735000-134-2026-00001","2026-01-12","","01","영업/정상","01","영업","","","","","","10.00","360-814","충청북도 청주시 청원구 우암동 *** 평화상가아파트","충청북도 청주시 청원구 향군로***번길 **, *층 **호 (우암동, 평화상가아파트)","28480","용달이사","2026-01-23 15:31:13","U","2026-01-25 02:40:00","","243135.471410309","350483.782002658","전자상거래(통신판매업)","0","0","","","","0","0","0","0","0","자가","0","0","N","0","","","",
"155","건강기능식품일반판매업","07_22_03_P","6510000","6510000-134-2023-00081","2023-04-24","","03","폐업","02","폐업","2026-01-23","","","","","","690-815","제주특별자치도 제주시 연동 ***-**","제주특별자치도 제주시 연오로 **, ***호 (연동)","63120","테너시티컴퍼니","2026-01-23 17:30:10","U","2026-01-25 02:40:00","","153612.874797213","-358.609261506011","전자상거래(통신판매업)","0","0","","","","0","0","0","0","0","","0","0","N","0","","","",
"156","건강기능식품일반판매업","07_22_03_P","3220000","3220000-134-2023-00241","2023-04-13","","03","폐업","02","폐업","2026-01-23","","","","","","135-931","서울특별시 강남구 역삼동 ***-** 피씨주택","서울특별시 강남구 강남대로***길 **-*, ***호 (역삼동, 피씨주택)","06123","유아이","2026-01-23 14:37:25","U","2026-01-25 02:40:00","","202296.198208482","444597.080600583","전자상거래(통신판매업)","0","0","","","","0","0","0","0","0","","0","0","N","0","","","",
"157","건강기능식품일반판매업","07_22_03_P","5670000","5670156-134-2023-00029","2023-04-04","","01","영업/정상","01","영업","","","","","","","631-270","경상남도 창원시 마산합포구 현동 *** 창원현동휴튼","경상남도 창원시 마산합포구 현동**길 **, ***동 ***호 (현동, 창원현동휴튼)","51778","솔로몬","2026-01-23 11:27:28","U","2026-01-25 02:40:00","","340948.18142591","184000.735789012","전자상거래(통신판매업)","0","0","","","","0","0","0","0","0","","0","0","N","0","","","",
"158","건강기능식품일반판매업","07_22_03_P","3180000","3180000-134-2023-00157","2023-04-27","","03","폐업","02","폐업","2026-01-23","","","","02  26382362","","150-798","서울특별시 영등포구 영등포동*가 *** 타임스퀘어","서울특별시 영등포구 영중로 **, 타임스퀘어 *층 (영등포동*가)","07305","(주)신세계 시코르 타임스퀘어점","2026-01-23 15:51:33","U","2026-01-25 02:40:00","","191385.057392247","446098.555926507","영업장판매","0","0","","","","0","0","0","0","0","","0","0","N","0","","","",
"159","건강기능식품일반판매업","07_22_03_P","3990000","3990000-134-2024-00158","2024-04-22","","03","폐업","02","폐업","2026-01-23","","","","","199.25","472-848","경기도 남양주시 화도읍 창현리 ***-* 주*동 *층","경기도 남양주시 화도읍 마석중앙로 **, *층","12179","다비치안경 마석신한은행옆","2026-01-23 17:37:33","U","2026-01-25 02:40:00","","226893.748195072","461153.721544803","영업장판매","0","0","","","","0","0","0","0","0","자가","0","0","N","0","","","",
"160","건강기능식품일반판매업","07_22_03_P","4231000","4231000-134-2024-00012","2024-04-18","","01","영업/정상","01","영업","","","","","","","","강원특별자치도 속초시 교동 ***-** 설악현대아파트","강원특별자치도 속초시 미시령로****번길 **, ***동 ***호 (교동, 설악현대아파트)","24815","참선진녹즙","2026-01-23 10:30:00","U","2026-01-25 02:40:00","","337993.994228979","523957.65437821","방문판매","0","0","","","","0","0","0","0","0","","0","0","N","0","","","",
"161","건강기능식품일반판매업","07_22_03_P","3560000","3560000-134-2024-00107","2024-04-19","","01","영업/정상","01","영업","","","","","","33.00","404-320","인천광역시 서구 원당동 ****-** 다온프라자*","인천광역시 서구 발산로 **, 다온프라자* *층 ***~***호 일부호 (원당동)","22866","(주)줌아울렛","2026-01-23 16:56:26","U","2026-01-25 02:40:00","","","","영업장판매","0","0","","","","0","0","0","0","0","자가","0","0","N","33","","","",
"162","건강기능식품일반판매업","07_22_03_P","3740000","3740000-134-2024-00217","2024-05-29","","03","폐업","02","폐업","2026-01-23","","","","","","443-370","경기도 수원시 영통구 매탄동 ** 극동아파트","경기도 수원시 영통구 매봉로**번길 **, ***동 ***호 (매탄동, 극동아파트)","16526","애로우","2026-01-23 09:13:09","U","2026-01-25 02:40:00","","204524.562124207","418664.880099848","전자상거래(통신판매업)","0","0","","","","0","0","0","0","0","","0","0","N","0","","","",
"163","건강기능식품일반판매업","07_22_03_P","3160000","3160000-134-2016-00133","2016-11-18","","03","폐업","02","폐업","2026-01-23","","","","02   8573140","","152-848","서울특별시 구로구 구로동 ***-** 마리오타워","서울특별시 구로구 디지털로**길 **, 마리오타워 ****호 (구로동)","08389","(주)명도물산","2026-01-23 09:03:12","U","2026-01-25 02:40:00","","190671.436719919","442219.137493629","전자상거래(통신판매업)","0","0","","","","0","0","0","0","0","","0","0","N","0","","","",
"164","건강기능식품일반판매업","07_22_03_P","3780000","3810000-134-2020-00127","2020-05-28","","01","영업/정상","01","영업","","","","","","22.40","463-808","경기도 성남시 분당구 구미동 *-* 분당엠코헤리츠 ****호","경기도 성남시 분당구 성남대로 ***, 분당엠코헤리츠 ****호 (구미동)","13630","(주)웰메디","2026-01-23 14:27:02","U","2026-01-25 02:40:00","","209526.984726257","427477.243753026","도매업(유통)","","","","","","","","","","","","","","N","0","","","",
"165","건강기능식품일반판매업","07_22_03_P","4610000","4610000-134-2020-00003","2020-06-23","","01","영업/정상","01","영업","","","","","","3.30","340-804","충청남도 예산군 예산읍 예산리 ***-* 웨스트 피자","충청남도 예산군 예산읍 예산로***번길 **, *층 ***호","32436","네이처컬렉션예산점","2026-01-23 10:55:40","U","2026-01-25 02:40:00","","186277.721787427","353113.19827241","영업장판매","","","","","","","","","","","자가","","","N","0","","","",
"166","건강기능식품일반판매업","07_22_03_P","3050000","3050000-134-2021-00236","2021-08-20","","01","영업/정상","01","영업","","","","","","6.60","130-805","서울특별시 동대문구 답십리동 ***-** 계림빌딩 *층 **호 *번","서울특별시 동대문구 전농로 **, 계림빌딩 *층 **호 *번 (답십리동)","02621","오픈패스주식회사","2026-01-23 09:41:35","U","2026-01-25 02:40:00","","204960.697866881","451636.873332084","전자상거래(통신판매업)","0","0","","","","0","0","0","0","0","자가","0","0","N","6.6","","","",
"167","건강기능식품일반판매업","07_22_03_P","4470000","4470000-134-2025-00058","2025-12-19","","01","영업/정상","01","영업","","","","","","5.00","369-823","충청북도 음성군 대소면 성본리 ***","충청북도 음성군 대소면 성본상가*길 **, 하나프라자 *층 ***호","27741","다이클로 음성푸르지오점","2026-01-23 15:26:07","U","2026-01-25 02:40:00","","","","영업장판매","0","0","","","","0","0","0","0","0","자가","0","0","N","0","","","",
"168","건강기능식품일반판매업","07_22_03_P","3970000","3970000-134-2022-00042","2022-02-09","","03","폐업","02","폐업","2026-01-23","","","","","55.90","427-100","경기도 과천시 갈현동 *** 과천 그랑레브 데시앙 ***동 ****호","경기도 과천시 과천대로*길 **, ***동 ****호 (갈현동, 과천 그랑레브 데시앙)","13824","헬스준","2026-01-23 14:44:05","U","2026-01-25 02:40:00","","","","전자상거래(통신판매업)","0","0","","","","0","0","0","0","0","","0","0","N","0","","","",
"169","건강기능식품일반판매업","07_22_03_P","3940000","3940000-134-2023-00171","2023-02-22","","03","폐업","02","폐업","2026-01-23","","","","","","412-826","경기도 고양시 덕양구 화정동 ***","경기도 고양시 덕양구 화중로 ***, 종합상가동 지하*층 비**호 (화정동)","10474","일산글라스텍","2026-01-23 13:23:35","U","2026-01-25 02:40:00","","185457.654190376","460001.971602972","전자상거래(통신판매업)","0","0","","","","0","0","0","0","0","","0","0","N","0","","","",
"170","건강기능식품일반판매업","07_22_03_P","3420000","3420000-134-2024-00032","2024-03-14","","01","영업/정상","01","영업","","","","","","189.56","701-160","대구광역시 동구 둔산동 ****-*","대구광역시 동구 둔산로**길 **-**, *층 (둔산동)","41057","미오미아","2026-01-23 15:50:46","U","2026-01-25 02:40:00","","350763.956261475","267566.573765112","도매업(유통)","0","0","","","","0","0","0","0","0","자가","0","0","N","189.56","","","",
"171","건강기능식품일반판매업","07_22_03_P","4721000","4721000-134-2018-00014","2018-02-21","","03","폐업","02","폐업","2026-01-23","","","","","72.00","","전북특별자치도 완주군 이서면 용서리 ***-*","전북특별자치도 완주군 이서면 지사제로 **, ***호","55365","애터미전주모아센터","2026-01-23 16:36:35","U","2026-01-25 02:40:00","","201978.38589265","258620.057133456","영업장판매","0","0","","","","0","0","0","0","0","","0","0","N","0","","","",
"172","건강기능식품일반판매업","07_22_03_P","4060000","4060000-134-2024-00030","2024-01-23","","03","폐업","02","폐업","2026-01-23","","","","","","413-200","경기도 파주시 야당동 **** 에펠타워","경기도 파주시 경의로 ****, 에펠타워 ***호 (야당동)","10908","(주)대유인터내셔날","2026-01-23 14:20:20","U","2026-01-25 02:40:00","","178804.224364993","468269.565890856","전자상거래(통신판매업)","0","0","","","","0","0","0","0","0","","0","0","N","0","","","",
"173","건강기능식품일반판매업","07_22_03_P","3220000","3220000-134-2018-00286","2018-08-14","","01","영업/정상","01","영업","","","","","080 77375375","282.43","135-917","서울특별시 강남구 역삼동 ***-*","서울특별시 강남구 봉은사로**길 **, *층 (역삼동)","06146","(주)피터팬랩","2026-01-23 10:14:00","U","2026-01-25 02:40:00","","203589.226164498","444958.631721686","전자상거래(통신판매업)","","","","","","","","","","","","","","N","0","","","",
"174","건강기능식품일반판매업","07_22_03_P","5220000","5220000-134-2020-00022","2020-08-07","","01","영업/정상","01","영업","","","","","","","718-831","경상북도 칠곡군 석적읍 남율리 ***","경상북도 칠곡군 석적읍 석적로 ****","39841","노브랜드 칠곡남율","2026-01-23 16:14:32","U","2026-01-25 02:40:00","","325866.671559523","287188.752570398","영업장판매","","","","","","","","","","","","","","N","0","","","",
"175","건강기능식품일반판매업","07_22_03_P","5680000","5680000-134-2025-00096","2025-09-25","","03","폐업","02","폐업","2026-01-23","","","","","","343-060","충청남도 당진시 시곡동 **-**","충청남도 당진시 서해로 ****-**, M동 *층 *호 (시곡동)","31764","라온","2026-01-23 15:29:41","U","2026-01-25 02:40:00","","171632.455054519","378052.608873856","전자상거래(통신판매업)","0","0","","","","0","0","0","0","0","","0","0","N","0","","","",
"176","건강기능식품일반판매업","07_22_03_P","5530000","5530000-134-2025-00602","2025-08-01","","03","폐업","02","폐업","2026-01-23","","","","","3.30","445-140","경기도 화성시 청계동 *** 동탄역 신안인스빌리베라","경기도 화성시 동탄순환대로**길 **, ****동 **층 ****호 (청계동, 동탄역 신안인스빌리베라)","18482","이스트플래닛","2026-01-23 09:27:08","U","2026-01-25 02:40:00","","210389.899098698","410246.822375382","전자상거래(통신판매업)","0","0","","","상수도전용","0","0","0","0","0","자가","0","0","N","0","","","",
"177","건강기능식품일반판매업","07_22_03_P","5530000","5530000-134-2025-00623","2025-08-19","","03","폐업","02","폐업","2026-01-23","","","","","","","경기도 화성시 장지동 *** 엔에이치에프엘크루","경기도 화성시 동탄대로*길 **, ****동 ***호 (장지동, 엔에이치에프엘크루)","18498","초운의다낭살이","2026-01-23 11:44:08","U","2026-01-25 02:40:00","","208283.744119549","406687.845332037","전자상거래(통신판매업)","0","0","","","","0","0","0","0","0","","0","0","N","0","","","",
"178","건강기능식품일반판매업","07_22_03_P","5710000","5730000-134-2023-00003","2023-01-09","","03","폐업","02","폐업","2026-01-23","","","","","","361-813","충청북도 청주시 흥덕구 복대동 ****","충청북도 청주시 흥덕구 풍산로***번길 **, 유진빌 ***호 (복대동)","28604","안녕하세우","2026-01-23 16:09:11","U","2026-01-25 02:40:00","","240034.685081246","347507.133345112","전자상거래(통신판매업)","0","0","","","","0","0","0","0","0","","0","0","N","0","","","",
"179","건강기능식품일반판매업","07_22_03_P","3240000","3240000-134-2021-00132","2021-05-04","","01","영업/정상","01","영업","","","","","02  30142233","280.00","134-877","서울특별시 강동구 암사동 ***-** 우진빌딩","서울특별시 강동구 올림픽로 ***, 우진빌딩 *층 (암사동)","05242","주식회사 현대렌탈케어","2026-01-23 17:36:02","U","2026-01-25 02:40:00","","211112.698086536","449623.639455315","전화권유판매","","","","","","","","","","","임대","","","N","0","","","",
"180","건강기능식품일반판매업","07_22_03_P","3990000","3990000-134-2011-00011","2011-01-17","","03","폐업","02","폐업","2026-01-23","","","","031 511 8502","3.30","472-845","경기도 남양주시 화도읍 마석우리 ***-** 롯데마트 *층","경기도 남양주시 화도읍 경춘로 **** (롯데마트 *층)","12181","롯데마트마석점LG화장품","2026-01-23 11:22:50","U","2026-01-25 02:40:00","","227234.544976879","460930.696005881","영업장판매","0","0","","","","0","0","0","0","0","자가","0","0","N","0","","","",
"181","건강기능식품일반판매업","07_22_03_P","4840000","4840000-134-2020-00022","2020-09-16","","03","폐업","02","폐업","2026-01-23","","","","","","545-751","전라남도 광양시 광영동 ***-* 가야아파트 *동 ***호","전라남도 광양시 가야로 ***, *동 ***호 (광영동, 가야아파트)","57718","우리홈가게(스마트스토어)","2026-01-23 18:41:00","U","2026-01-25 02:40:00","","265214.505435123","163293.037623268","전자상거래(통신판매업)","0","0","","","","0","0","0","0","0","","0","0","N","0","","","",
"182","건강기능식품일반판매업","07_22_03_P","3220000","3220000-134-2020-00590","2020-10-05","","01","영업/정상","01","영업","","","","","","30.00","135-893","서울특별시 강남구 신사동 *** ICL빌딩","서울특별시 강남구 논현로 ***, ICL빌딩 *층 ***호 (신사동)","06025","(주)하우인 신사 사업장","2026-01-23 17:02:05","U","2026-01-25 02:40:00","","202445.756046514","446560.50645578","전자상거래(통신판매업)","","","","","","","","","","","자가","","","N","30","","","",
"183","건강기능식품일반판매업","07_22_03_P","3460000","3460000-134-2025-00062","2025-05-26","","03","폐업","02","폐업","2026-01-23","","","","","","706-820","대구광역시 수성구 범어동 ***-* 마크팰리스 범어, *층 ***호","대구광역시 수성구 동대구로 ***, *층 ***호 (범어동, 마크팰리스 범어)","42028","동우","2026-01-23 09:18:33","U","2026-01-25 02:40:00","","346931.670176841","263479.392657916","전자상거래(통신판매업)","0","0","","","","0","0","0","0","0","","0","0","N","0","","","",
"184","건강기능식품일반판매업","07_22_03_P","4490000","4490000-134-2025-00102","2025-05-27","","01","영업/정상","01","영업","","","","","","3.30","330-270","충청남도 천안시 동남구 청당동 ***-*","충청남도 천안시 동남구 남부대로 ***, *동 *층 (청당동)","31211","다이소천안청수지구점","2026-01-23 13:32:25","U","2026-01-25 02:40:00","","213579.7718286","364438.610883245","영업장판매","0","0","","","","0","0","0","0","0","자가","0","0","N","0","","","",
"185","건강기능식품일반판매업","07_22_03_P","3450000","3450000-134-2025-00059","2025-05-29","","03","폐업","02","폐업","2026-01-23","","","","053 9636923","3.30","702-866","대구광역시 북구 태전동 ****-*","대구광역시 북구 칠곡중앙대로 ***, B동 ***호 (태전동)","41462","주식회사 선우쇼핑 칠곡점","2026-01-23 10:35:28","U","2026-01-25 02:40:00","","339599.072448019","270557.686020147","영업장판매","0","0","","","","0","0","0","0","0","자가","0","0","N","0","","","",
"186","건강기능식품일반판매업","07_22_03_P","3560000","3560000-134-2019-00200","2019-06-21","","01","영업/정상","01","영업","","","","","","","404-290","인천광역시 서구 왕길동 ***-* 검단e편한세상아파트","인천광역시 서구 검단로 ***, ***호 (왕길동, 검단e편한세상아파트)","22636","비품바구니","2026-01-23 16:58:17","U","2026-01-25 02:40:00","","169532.190525732","455365.61272563","전자상거래(통신판매업)","0","0","","","","0","0","0","0","0","","0","0","N","0","","","",
"187","건강기능식품일반판매업","07_22_03_P","3060000","3060000-134-2025-00053","2025-06-05","","03","폐업","02","폐업","2026-01-23","","","","","","131-809","서울특별시 중랑구 망우동 *** 한일써너스빌리젠시*단지","서울특별시 중랑구 용마산로***길 ***, ***동 ****호 (망우동, 한일써너스빌리젠시*단지)","02163","트레잇","2026-01-23 10:08:42","U","2026-01-25 02:40:00","","208267.592391698","455042.983909137","전자상거래(통신판매업)","0","0","","","","0","0","0","0","0","","0","0","N","0","","","",
"188","건강기능식품일반판매업","07_22_03_P","3740000","3740000-134-2025-00158","2025-05-19","","01","영업/정상","01","영업","","","","","02 4050850","","441-816","경기도 수원시 권선구 구운동 ***-*","경기도 수원시 권선구 수인로 ***, *층 일부호 (구운동)","16404","다이소 수원구운점","2026-01-23 13:24:28","U","2026-01-25 02:40:00","","197145.174951117","420243.669813777","영업장판매","0","0","","","","0","0","0","0","0","","0","0","N","0","","","",
"189","건강기능식품일반판매업","07_22_03_P","4050000","5620000-134-2025-00103","2025-07-08","","01","영업/정상","01","영업","","","","","","","","경기도 용인시 처인구 남사읍 완장리 *** e편한세상 용인 한숲시티","경기도 용인시 처인구 남사읍 한숲로 ***, ***, ***호 (e편한세상 용인 한숲시티)","17117","씨유뉴한숲시티3블럭점","2026-01-23 13:53:09","U","2026-01-25 02:40:00","","215276.664995022","406389.471143226","영업장판매","0","0","","","","0","0","0","0","0","","0","0","N","0","","","",
"190","건강기능식품일반판매업","07_22_03_P","3740000","3740000-134-2025-00452","2025-07-10","","03","폐업","02","폐업","2026-01-23","","","","","","440-840","경기도 수원시 장안구 정자동 ***-*","경기도 수원시 장안구 장안로 ***, ***동 ****호 (정자동)","16336","닥터아브에이","2026-01-23 10:35:35","U","2026-01-25 02:40:00","","199035.245572789","422577.732436073","전자상거래(통신판매업)","0","0","","","","0","0","0","0","0","","0","0","N","0","","","",
"191","건강기능식품일반판매업","07_22_03_P","5590000","5590000-134-2022-00179","2022-10-13","","03","폐업","02","폐업","2026-01-23","","","","","","482-841","경기도 양주시 광적면 광석리 *-* *층 일부","경기도 양주시 광적면 광적로 **-**, *층 일부","11420","(주)애터미 양주위드조아센터","2026-01-23 10:51:10","U","2026-01-25 02:40:00","","198156.070495731","480371.674366334","전자상거래(통신판매업)","0","0","","","상수도전용","0","0","0","0","0","","0","0","N","0","","","",
"192","건강기능식품일반판매업","07_22_03_P","3110000","3110000-134-2022-00250","2022-09-01","","03","폐업","02","폐업","2026-01-23","","","","","","122-879","서울특별시 은평구 신사동 *-*","서울특별시 은평구 은평로 **, *층 (신사동)","03423","라카디마","2026-01-23 09:03:21","U","2026-01-25 02:40:00","","192166.132783319","455134.440709788","전자상거래(통신판매업)","0","0","","","","0","0","0","0","0","","0","0","N","0","","","",
"193","건강기능식품일반판매업","07_22_03_P","4050000","5640000-134-2017-00070","2017-10-11","","01","영업/정상","01","영업","","","","","","0.00","448-831","경기도 용인시 수지구 성복동 *** 유진어반하임","경기도 용인시 수지구 성복*로***번길 *, ***동 ***호 (성복동, 유진어반하임)","16805","NZ 퀸비월드","2026-01-23 10:42:02","U","2026-01-25 02:40:00","","205010.424619926","424531.392531163","전자상거래(통신판매업)","0","0","","","","0","0","0","0","0","자가","0","0","N","0","","","",
"194","건강기능식품일반판매업","07_22_03_P","3630000","3630000-134-2022-00173","2022-10-17","","03","폐업","02","폐업","2026-01-23","","","","","","506-824","광주광역시 광산구 월계동 ***-*","광주광역시 광산구 월계로 ***, *층 (월계동)","62266","리얼프랜드","2026-01-23 15:08:38","U","2026-01-25 02:40:00","","185200.825099404","190481.17671539","방문판매","0","0","","","","0","0","0","0","0","","0","0","N","0","","","",
"195","건강기능식품일반판매업","07_22_03_P","3320000","3320000-134-2022-00145","2022-09-13","","03","폐업","02","폐업","2026-01-23","","","","","","616-852","부산광역시 북구 화명동 **** 코오롱하늘채*차아파트 ***동 ***호","부산광역시 북구 화명신도시로 ***, ***동 ***호 (화명동, 코오롱하늘채*차아파트)","46526","자연을담은맛","2026-01-23 16:44:23","U","2026-01-25 02:40:00","","383076.425546216","194441.653264759","전자상거래(통신판매업)","0","0","","","","0","0","0","0","0","","0","0","N","0","","","",
"196","건강기능식품일반판매업","07_22_03_P","5350000","5350000-134-2021-00069","2021-02-15","","01","영업/정상","01","영업","","","","","","6.60","621-903","경상남도 김해시 내동 ****-** *층","경상남도 김해시 우암로**번길 **, *층 (내동)","50951","타파웨어 내동우암로점","2026-01-23 09:49:48","U","2026-01-25 02:40:00","","369229.518735459","194800.241624319","영업장판매","","","","","","","","","","","자가","","","N","6.6","","","",
"197","건강기능식품일반판매업","07_22_03_P","3230000","3230000-134-2021-00123","2021-03-09","","03","폐업","02","폐업","2026-01-23","","","","","35.51","138-934","서울특별시 송파구 신천동 **-* 더샵스타리버","서울특별시 송파구 올림픽로**길 **, ***동 *층 ***호 (신천동, 더샵스타리버)","05510","리브영의건강캠프의 스토어","2026-01-23 15:11:02","U","2026-01-25 02:40:00","","209160.342515348","446201.867636819","전자상거래(통신판매업)","0","0","","","","0","0","0","0","0","임대","0","0","N","0","","","",
"198","건강기능식품일반판매업","07_22_03_P","3820000","3820000-134-2025-00032","2025-03-04","","03","폐업","02","폐업","2026-01-23","","","","","","480-822","경기도 의정부시 금오동 ***-* A동 ***호","경기도 의정부시 천보로 ***, A동 ***호 (금오동)","11760","린컴퍼니","2026-01-23 15:33:16","U","2026-01-25 02:40:00","","205021.198097885","472513.429805474","전자상거래(통신판매업)","0","0","","","","0","0","0","0","0","","0","0","N","0","","","",
"199","건강기능식품일반판매업","07_22_03_P","3980000","3980000-134-2024-00084","2024-02-07","","03","폐업","02","폐업","2026-01-23","","","","","212.76","471-815","경기도 구리시 수택동 ***-**","경기도 구리시 안골로**번길 **-**, *층 전체호 (수택동)","11927","셀젠바이오","2026-01-23 11:23:34","U","2026-01-25 02:40:00","","212090.892381197","455190.96049032","영업장판매","0","0","","","","0","0","0","0","0","자가","0","0","N","0","","","",
"200","건강기능식품일반판매업","07_22_03_P","4211000","4211000-134-2025-00007","2025-04-11","","03","폐업","02","폐업","2026-01-23","","","","","20.00","","강원특별자치도 동해시 쇄운동 **-*","강원특별자치도 동해시 청운*길 **-*, *층 (쇄운동)","25810","비고르바른건강","2026-01-23 13:42:32","U","2026-01-25 02:40:00","","386395.658209595","444549.190123636","영업장판매","0","0","","","","0","0","0","0","0","임대","0","0","N","0","","","",
"201","건강기능식품일반판매업","07_22_03_P","4520000","4520000-134-2022-00149","2022-08-19","","03","폐업","02","폐업","2026-01-23","","","","041 544 2475","28.05","336-010","충청남도 아산시 온천동 **-** *층","충청남도 아산시 시장길**번길 *, *층 (온천동)","31513","맥섬석의료기","2026-01-23 15:22:38","U","2026-01-25 02:40:00","","200151.242609226","364705.630777277","영업장판매","0","0","","","","0","0","0","0","0","자가","0","0","N","0","","","",
"202","건강기능식품일반판매업","07_22_03_P","3020000","3020000-134-2022-00134","2022-08-17","","03","폐업","02","폐업","2026-01-23","","","","","","140-877","서울특별시 용산구 한강로*가 *-* 나진전자월드빌딩","서울특별시 용산구 청파로 ***, 나진전자월드빌딩 *층 *호 (한강로*가)","04370","대원씨티에스(주)","2026-01-23 10:17:05","U","2026-01-25 02:40:00","","196697.031086973","447931.108267379","전자상거래(통신판매업)","0","0","","","","0","0","0","0","0","","0","0","N","0","","","",
"203","건강기능식품일반판매업","07_22_03_P","3860000","3860000-134-2021-00085","2021-02-18","","03","폐업","02","폐업","2026-01-23","","","","","","","경기도 부천시 원미구 상동 ***-* 닛시프라자 ***호 일부","경기도 부천시 원미구 부일로***번길 **, 닛시프라자 ***호 일부호 (상동)","14598","애터미부천승승장구","2026-01-23 17:41:28","U","2026-01-25 02:40:00","","177984.12","443116.2545","방문판매","0","0","","","","0","0","0","0","0","","0","0","N","0","","","",
"204","건강기능식품일반판매업","07_22_03_P","5690000","5690000-134-2009-02025","2009-09-29","","01","영업/정상","01","영업","","","","","044 277 5551","","339-942","세종특별자치시 부강면 금호리 ***-*","세종특별자치시 부강면 금호선말길 **-**","30077","(주)지에프퍼멘텍","2026-01-23 10:28:46","U","2026-01-25 02:40:00","","232163.919548268","333162.005635418","영업장판매","","","","","","","","","","","","","","N","0","","","",
"205","건강기능식품일반판매업","07_22_03_P","3780000","3810000-134-2021-00017","2021-01-11","","03","폐업","02","폐업","2026-01-23","","","","","","463-818","경기도 성남시 분당구 서현동 ***-* 한라쇼핑","경기도 성남시 분당구 돌마로***번길 **, 한라쇼핑 *층 ***(**)호 (서현동)","13586","미쁘공간","2026-01-23 09:50:21","U","2026-01-25 02:40:00","","212023.499658132","430313.318129385","전자상거래(통신판매업)","0","0","","","","0","0","0","0","0","","0","0","N","0","","","",
"206","건강기능식품일반판매업","07_22_03_P","3330000","3330000-134-2021-00006","2021-01-07","","01","영업/정상","01","영업","","","","","","","612-892","부산광역시 해운대구 우동 **** 한화꿈에그린센텀 B동 ****호","부산광역시 해운대구 센텀동로 **, 한화꿈에그린센텀 B동 ****호 (우동)","48059","로니플랏","2026-01-23 12:03:40","U","2026-01-25 02:40:00","","394205.564135188","187948.534671467","전자상거래(통신판매업)","","","","","","","","","","","","","","N","0","","","",
"207","건강기능식품일반판매업","07_22_03_P","3560000","3560000-134-2021-00029","2021-01-20","","01","영업/정상","01","영업","","","","","","","404-824","인천광역시 서구 석남동 ***-**","인천광역시 서구 율도로 **, *층 (석남동)","22785","애터미","2026-01-23 17:53:32","U","2026-01-25 02:40:00","","170796.276356284","445733.691565798","영업장판매","0","0","","","","0","0","0","0","0","","0","0","N","0","","","",
"208","건강기능식품일반판매업","07_22_03_P","3130000","3130000-134-2022-00150","2022-05-02","","03","폐업","02","폐업","2026-01-23","","","","","","121-070","서울특별시 마포구 용강동 *** 래미안 마포 리버웰 ***동 ****호","서울특별시 마포구 토정로**길 **, 래미안 마포 리버웰 ***동 ****호 (용강동)","04161","미라클","2026-01-23 15:57:36","U","2026-01-25 02:40:00","","194792.946492694","448900.109548096","전자상거래(통신판매업)","0","0","","","","0","0","0","0","0","","0","0","N","0","","","",
"209","건강기능식품일반판매업","07_22_03_P","5380000","5380000-134-2022-00146","2022-06-08","","03","폐업","02","폐업","2026-01-23","","","","","3.30","626-130","경상남도 양산시 신기동 ***-* 대동서안한마음타운 ***동 ***호","경상남도 양산시 신기서길 **, ***동 ***호 (신기동, 대동서안한마음타운)","50575","윤소정","2026-01-23 13:27:37","U","2026-01-25 02:40:00","","385250.341867084","207720.082087191","전자상거래(통신판매업)","0","0","","","","0","0","0","0","0","자가","0","0","N","3.3","","","",
"210","건강기능식품일반판매업","07_22_03_P","5340000","5340000-134-2022-00020","2022-06-28","","03","폐업","02","폐업","2026-01-23","","","","","19.80","664-932","경상남도 사천시 정동면 고읍리 ***-** 동백빌","경상남도 사천시 정동면 옥산로 **-**, *층 (동백빌)","52521","종근당 건강 헬스벨스토리 사천정동점","2026-01-23 09:10:15","U","2026-01-25 02:40:00","","299127.016884735","176058.364091092","영업장판매","0","0","","","","0","0","0","0","0","자가","0","0","N","0","","","",
"211","건강기능식품일반판매업","07_22_03_P","3220000","3220000-134-2022-00325","2022-05-04","","03","폐업","02","폐업","2026-01-23","","","","","","135-963","서울특별시 강남구 개포동 ****-*","서울특별시 강남구 논현로**길 **-*, 지하*층 ***호 (개포동)","06312","미남인셀덤","2026-01-23 16:51:43","U","2026-01-25 02:40:00","","204139.748604344","441516.868288593","전자상거래(통신판매업)","0","0","","","","0","0","0","0","0","","0","0","N","0","","","",
"212","건강기능식품일반판매업","07_22_03_P","5380000","5380000-134-2022-00110","2022-05-09","","03","폐업","02","폐업","2026-01-23","","","","","","626-823","경상남도 양산시 동면 내송리 ***-* 사송더샵데시앙 *단지 ***동 ****호","경상남도 양산시 동면 내송큰들로 ***, ***동 ****호 (사송더샵데시앙 *단지)","50644","인셀덤포유(FOR YOU)","2026-01-23 09:20:37","U","2026-01-25 02:40:00","","387750.401810627","204335.478597816","전자상거래(통신판매업)","0","0","","","","0","0","0","0","0","","0","0","N","0","","","",
"213","건강기능식품일반판매업","07_22_03_P","3210000","3210000-134-2023-00370","2023-10-06","","03","폐업","02","폐업","2026-01-23","","","","","","137-807","서울특별시 서초구 반포동 ***-** ***호","서울특별시 서초구 사평대로**길 **, ***호 (반포동)","06578","라벤더","2026-01-23 10:09:54","U","2026-01-25 02:40:00","","199992.56284252","443954.775320836","전자상거래(통신판매업)","0","0","","","","0","0","0","0","0","","0","0","N","0","","","",
"214","건강기능식품일반판매업","07_22_03_P","3120000","3120000-134-2023-00184","2023-11-15","","03","폐업","02","폐업","2026-01-23","","","","","","120-848","서울특별시 서대문구 홍은동 ***-**","서울특별시 서대문구 가좌로 **-*, ***호 (홍은동)","03659","제이에스 트레이드","2026-01-23 16:53:30","U","2026-01-25 02:40:00","","193583.42479932","453203.596918372","전자상거래(통신판매업)","0","0","","","","0","0","0","0","0","","0","0","N","0","","","",
"215","건강기능식품일반판매업","07_22_03_P","3550000","3550000-134-2025-00011","2025-01-31","","03","폐업","02","폐업","2026-01-23","","","","","","407-060","인천광역시 계양구 작전동 *** 현대*차아파트","인천광역시 계양구 효서로 ***, ***동 *층 ***호 (작전동, 현대*차아파트)","21125","트리거","2026-01-23 09:06:50","U","2026-01-25 02:40:00","","176812.82695191","447454.282333528","전자상거래(통신판매업)","0","0","","","","0","0","0","0","0","","0","0","N","0","","","",
"216","건강기능식품일반판매업","07_22_03_P","3210000","3210000-134-2025-00001","2025-01-02","","03","폐업","02","폐업","2026-01-23","","","","","","137-894","서울특별시 서초구 양재동 ***-** 범정빌딩","서울특별시 서초구 마방로*길 **, 범정빌딩 *층 ****호 (양재동)","06776","더퍼스트원","2026-01-23 09:05:21","U","2026-01-25 02:40:00","","203667.419292479","441443.764421153","전자상거래(통신판매업)","0","0","","","","0","0","0","0","0","","0","0","N","0","","","",
"217","건강기능식품일반판매업","07_22_03_P","5530000","5530000-134-2025-00050","2025-02-11","","01","영업/정상","01","영업","","","","","","9.90","445-390","경기도 화성시 진안동 ***-* *층 일부호","경기도 화성시 효행로****번길 *-*, *층 일부호 (진안동)","18399","다이소 화성진안점","2026-01-23 09:39:53","U","2026-01-25 02:40:00","","203598.230938674","412480.378263135","영업장판매","0","0","","","","0","0","0","0","0","자가","0","0","N","0","","","",
"218","건강기능식품일반판매업","07_22_03_P","3560000","3560000-134-2025-00037","2025-02-14","","03","폐업","02","폐업","2026-01-23","","","","","","404-310","인천광역시 서구 당하동 ****-* 검단신도시 모아미래도 엘리트파크","인천광역시 서구 서로*로 **, ***동 ****호 (당하동, 검단신도시 모아미래도 엘리트파크)","22871","더그린(THE GREEN)","2026-01-23 09:17:52","U","2026-01-25 02:40:00","","","","전자상거래(통신판매업)","0","0","","","","0","0","0","0","0","","0","0","N","0","","","",
