"번호","개방서비스명","개방서비스아이디","개방자치단체코드","관리번호","인허가일자","인허가취소일자","영업상태구분코드","영업상태명","상세영업상태코드","상세영업상태명","폐업일자","휴업시작일자","휴업종료일자","재개업일자","소재지전화","소재지면적","소재지우편번호","소재지전체주소","도로명전체주소","도로명우편번호","사업장명","최종수정시점","데이터갱신구분","데이터갱신일자","업태구분명","좌표정보x(epsg5174)","좌표정보y(epsg5174)","의료기관종별명","의료인수","입원실수","병상수","총면적","진료과목내용","진료과목내용명","지정취소일자","완화의료지정형태","완화의료담당부서명","구급차특수","구급차일반","총인원","구조사수","허가병상수","최초지정일자","관리주체",
"1","병원","01_01_01_P","5670000","PHMA220265670554021200001","2026-01-23","","01","영업/정상","13","영업중","","","","","055-259-1333","6120.79","","경상남도 창원시 의창구 북면 동전리 293-8 행복한병원","경상남도 창원시 의창구 북면 천주로 785","51106","바이탈병원","2026-01-23 15:52:13","I","2026-01-25 00:20:02","병원","345589.920407425","203829.546872373","병원","20","42","144","6120.79","120 116 101","내과, 영상의학과, 재활의학과","","","","0","0","","","0","","시군구",
"2","병원","01_01_01_P","5380000","PHMA219895380021021200001","1989-03-31","","01","영업/정상","13","영업중","","","","","055-389-1234","9209.64","626-310","경상남도 양산시 주진동 347-1","경상남도 양산시 모래들1길 91 (주진동)","50521","양산병원","2026-01-23 00:43:23","U","2026-01-25 02:40:00","정신병원","395040.472611256","213377.473805258","정신병원","47","118","475","9209.64","101 103 102","내과, 신경과, 정신건강의학과","","","","0","0","","","0","","시군구",
"3","병원","01_01_01_P","3060000","PHMA220033060034021200027","1900-01-01","","01","영업/정상","13","영업중","","","","","02-490-2000","17230.07","","","서울특별시 중랑구 사가정로49길 53 (면목동)","02221","녹색병원","2026-01-23 14:49:32","U","2026-01-25 02:40:00","종합병원","207545.431398092","453474.580080059","종합병원","313","72","293","17230.07","125 124 122 120 119 116 115 113 111 110 109 106 105 104 103 102 101","내과, 신경과, 정신건강의학과, 외과, 정형외과, 신경외과, 마취통증의학과, 산부인과, 소아청소년과, 이비인후과, 비뇨의학과, 영상의학과, 진단검사의학과, 재활의학과, 가정의학과, 직업환경의학과, 응급의학과","","","","0","0","","","0","","시군구",
"4","병원","01_01_01_P","3060000","PHMA220083060034021200008","2008-04-04","","01","영업/정상","13","영업중","","","","","1661-0592","1697.04","","","서울특별시 중랑구 동일로 890 (묵동)","02038","마디세상병원","2026-01-23 14:49:51","U","2026-01-25 02:40:00","병원","206836.62018675","456400.58527076","병원","43","14","46","1697.04","122 116 115 114 111 109 106 105 102 101","내과, 신경과, 정형외과, 신경외과, 마취통증의학과, 소아청소년과, 피부과, 비뇨의학과, 영상의학과, 가정의학과","","","","0","0","","","0","","시군구",
"5","병원","01_01_01_P","3060000","PHMA220083060034021200012","2008-05-01","","01","영업/정상","13","영업중","","","","","02-493-9700","3797.31","","","서울특별시 중랑구 망우로 316, 이지팰리스 5~7층 503-2,504,505,601~605,701~705호 (상봉동)","02148","한걸음요양병원","2026-01-23 14:49:43","U","2026-01-25 02:40:00","요양병원(일반요양병원)","207660.883688474","454911.110252938","요양병원(일반요양병원)","31","32","186","3797.31","101 105 120 301 306 308","내과, 정형외과, 재활의학과, 한방내과, 한방재활의학과, 침구과","","","","0","0","","","0","","시군구",
"6","병원","01_01_01_P","3260000","PHMA220193260022021200001","2019-03-27","","01","영업/정상","13","영업중","","","","","051-960-0100","15020.64","","부산광역시 서구 동대신동3가 1-22 동아대학교병원","부산광역시 서구 대신공원로 26, 동아대학교병원 (동대신동3가)","49201","동아대학교대신병원","2026-01-23 09:07:01","U","2026-01-25 02:40:00","병원","383872.895112349","181980.508303146","병원","113","82","248","15020.64","122 120 115 113 110 109 107 106 105 104 102 101","내과, 신경과, 외과, 정형외과, 신경외과, 심장혈관흉부외과, 마취통증의학과, 산부인과, 이비인후과, 비뇨의학과, 재활의학과, 가정의학과","","","","0","0","","","0","","시군구",
"7","병원","01_01_01_P","5690000","PHMA220235690249021200001","2023-08-03","","01","영업/정상","13","영업중","","","","","044-715-7200","1387.4","","세종특별자치시 아름동 1358","세종특별자치시 보듬3로 101, 5~7층 (아름동)","30100","아름드리나무어린이병원","2026-01-23 10:56:15","U","2026-01-25 02:40:00","병원","222181.425938426","334513.707683316","병원","30","37","56","1387.4","114 113 111 101","내과, 소아청소년과, 이비인후과, 피부과","","","","0","0","","","0","","시군구",
"8","병원","01_01_01_P","3300000","PHMA220233300024021200003","2010-03-31","","01","영업/정상","13","영업중","","","","","051-751-1515","2145.66","","부산광역시 동래구 낙민동 289","부산광역시 동래구 충렬대로 258, 2층 일부, 4-5층 (낙민동)","47878","의료법인 은빛의료재단 세하병원","2026-01-23 09:43:44","U","2026-01-25 02:40:00","병원","390020.305215045","191042.985986252","병원","15","39","91","2145.66","122 113 102 101","내과, 신경과, 이비인후과, 가정의학과","","","","0","0","","","0","","시군구",
"9","병원","01_01_01_P","3430000","PHMA220233430019021200001","2023-02-22","","01","영업/정상","13","영업중","","","","","053-573-0119","4781.03","","대구광역시 서구 평리동 1335-18","대구광역시 서구 국채보상로 232, 1~5층 (평리동)","41824","제이원병원","2026-01-23 01:13:16","U","2026-01-25 02:40:00","정신병원","340511.431979053","264476.226538884","정신병원","27","51","264","4781.03","120 109 103 101","내과, 정신건강의학과, 마취통증의학과, 재활의학과","","","","0","0","","","0","","시군구",
"10","병원","01_01_01_P","6430000","201564300002000002","2015-01-20","","01","영업/정상","1","정상","","","","","0432670301","6159","","","충청북도 청주시 흥덕구 월명로 15-0, 원광효도요양병원층 (복대동)","","의료법인원광의료재단청주원광효도요양병원","2026-01-23 16:02:44","U","2026-01-25 02:40:00","요양병원(일반요양병원)","240439.58099021","348432.769793","","42","62","319","6159","","","","","","0","0","","","0","","시도",
"11","병원","01_01_01_P","6280000","198762800002000001","1987-02-17","","01","영업/정상","BBBB","","","","","","","185153","","","인천광역시 남동구 남동대로774번길 21-0, 의료법인길의료재단길병원층 (구월동)","","의료법인 길의료재단 길병원","2026-01-22 09:45:37","U","2026-01-25 02:40:00","종합병원","174200.692948602","438895.603179833","의사","2428","479","1472","185153","","","","","","0","0","","","0","","시도",
"12","병원","01_01_01_P","6430000","201364300002000007","2013-12-18","","01","영업/정상","1","정상","","","","","0439302000","2296.2","","","충청북도 진천군 문백면 문진로 88-56, 도은병원층","","의료법인 노은의료재단 도은병원","2026-01-23 16:07:05","U","2026-01-25 02:40:00","정신병원","239979.177338815","361996.479799341","","18","43","244","2296.2","","","","","","0","0","","","0","","시도",
"13","병원","01_01_01_P","6430000","201664300002000011","2016-12-28","","01","영업/정상","1","정상","","","","","0436424000","3269.7","","","충청북도 제천시 풍양로 89-0,  (중앙로1가)층 (중앙로1가)","","제천우석요양병원","2026-01-23 16:03:18","U","2026-01-25 02:40:00","요양병원(일반요양병원)","307424.598124491","404699.743343","의사","7","19","140","3269.7","","","","","","0","0","","","0","","시도",
"14","병원","01_01_01_P","6430000","197864300002000001","1978-05-19","","01","영업/정상","1","정상","","","","","0432792300","52284.2","","","충청북도 청주시 서원구 흥덕로 48-0, 청주의료원층 (사직동)","","충청북도 청주의료원","2026-01-23 16:05:51","U","2026-01-25 02:40:00","종합병원","242268.257005832","348940.854931706","의사","311","120","531","52284.2","","","","","","0","0","","","0","","시도",
"15","병원","01_01_01_P","6430000","200864300002000004","2006-10-27","","01","영업/정상","1","정상","","","","","0437310066","2677.32","","","충청북도 옥천군 옥천읍 삼양로5길 12-0","","의료법인 창곡의료재단 참조은요양병원","2026-01-23 16:06:26","U","2026-01-25 02:40:00","요양병원(일반요양병원)","250750.246002379","311781.290663357","","18","29","207","2677.32","","","","","","0","0","","","0","","시도",
"16","병원","01_01_01_P","6430000","200964300002000006","2009-09-02","","01","영업/정상","1","정상","","","","","0436537700","1544","","충청북도 제천시 청전동  27번지 1호 1호","충청북도 제천시 용두천로 333-0 (청전동)","","의료법인 솔트의료재단 예성요양병원","2026-01-23 16:05:03","U","2026-01-25 02:40:00","요양병원(일반요양병원)","308092.186998371","406562.413587319","","27","21","140","1544","","","","","","0","0","","","0","","시도",
"17","병원","01_01_01_P","4520000","PHMA219864520031021200001","1986-12-12","","01","영업/정상","13","영업중","","","","","041-548-9851","5811.07","336-855","충청남도 아산시 배방읍 세교리 348번지 5호","충청남도 아산시 배방읍 휴대세교길 101","31475","의료법인 정빈의료재단 아산병원","2026-01-23 02:13:25","U","2026-01-25 02:40:00","정신병원","209224.195978956","364012.358261537","정신병원","19","88","293","5811.07","103","정신건강의학과","","","","0","0","","","0","","시군구",
"18","병원","01_01_01_P","4570000","PHMA220054570019021200001","2005-05-13","","01","영업/정상","13","영업중","","","","","041-832-7261","2162.97","","충청남도 부여군 장암면 합곡리 330","충청남도 부여군 장암면 충절로1713번길 16","33182","의료법인부여의료재단 부여다사랑병원","2026-01-23 01:43:21","U","2026-01-25 02:40:00","정신병원","188196.301272307","303126.198739241","정신병원","12","44","182","2162.97","121 111 103 101","내과, 정신건강의학과, 소아청소년과, 결핵과","","","","0","0","","","0","","시군구",
"19","병원","01_01_01_P","4490000","PHMA220084490042021200006","2008-10-17","","01","영업/정상","13","영업중","","","","","041-569-5533","6347","","","충청남도 천안시 동남구 삼룡천3길 10 (구성동, 이라의료재단 천안병원)","31193","천안요양병원","2026-01-23 11:32:13","U","2026-01-25 02:40:00","요양병원(일반요양병원)","214561.34279686","365516.980080281","요양병원(일반요양병원)","36","43","238","6347","101 104 111 120 122 301","내과, 외과, 소아청소년과, 재활의학과, 가정의학과, 한방내과","","","","0","0","","","0","","시군구",
"20","병원","01_01_01_P","4490000","PHMA220094490042021200002","2009-02-05","","01","영업/정상","13","영업중","","","","","041-553-1234","2465","330-846","충청남도 천안시 동남구 목천읍 신계리 394번지 3호","충청남도 천안시 동남구 목천읍 충절로 794","31233","의료법인세온의료재단브라운요양병원","2026-01-23 11:32:38","U","2026-01-25 02:40:00","요양병원(일반요양병원)","217792.937787602","363014.288900791","요양병원(일반요양병원)","11","31","159","2465","308 301 122 104 102 101","내과, 신경과, 외과, 가정의학과, 한방내과, 침구과","","","","0","0","","","0","","시군구",
"21","병원","01_01_01_P","4490000","PHMA220174490260021200002","2017-08-25","","01","영업/정상","13","영업중","","","","","041-413-7100","4611","","충청남도 천안시 동남구 유량동 327번지 외 1필지","충청남도 천안시 동남구 유량로 180 (유량동, 메디움천안요양병원)","31068","메디움천안요양병원","2026-01-23 11:31:58","U","2026-01-25 02:40:00","요양병원(일반요양병원)","215832.683557852","367761.554283653","요양병원(일반요양병원)","15","52","94","4611","301 104","외과, 한방내과","","","","0","0","","","0","","시군구",
"22","병원","01_01_01_P","4490000","PHMA220084490042021200001","2008-05-02","","01","영업/정상","13","영업중","","","","","041-520-7010","5215","","충청남도 천안시 동남구 유량동 398번지 1호","충청남도 천안시 동남구 향교1길 130-23 (유량동, 새로나병원)","31068","새로나병원","2026-01-23 11:32:26","U","2026-01-25 02:40:00","병원","215043.589598775","367920.817549693","병원","49","38","164","5215","120 104 102","신경과, 외과, 재활의학과","","","","0","0","","","0","","시군구",
"23","병원","01_01_01_P","4500000","PHMA220044500029021200002","2004-03-01","","01","영업/정상","13","영업중","","","","","041-841-2984","3156.41","","","충청남도 공주시 신풍면 대룡조평길 377","32525","의료법인 효준의료재단 공주해담병원","2026-01-23 01:43:24","U","2026-01-25 02:40:00","정신병원","193547.61637416","335348.64785914","정신병원","15","32","149","3156.41","110 104 103","정신건강의학과, 외과, 산부인과","","","","0","0","","","0","","시군구",
"24","병원","01_01_01_P","4070000","PHMA219834070023021200001","1983-10-01","","01","영업/정상","13","영업중","","","","","031-630-4200","28382","","경기도 이천시 관고동 515","경기도 이천시 경충대로 2742 (관고동)","17366","경기도의료원 이천병원","2026-01-23 09:29:58","U","2026-01-25 02:40:00","종합병원","238323.542059944","420168.626960466","종합병원","194","70","206","28382","412 125 120 119 116 115 111 109 105 104 102 101","내과, 신경과, 외과, 정형외과, 마취통증의학과, 소아청소년과, 비뇨의학과, 영상의학과, 진단검사의학과, 재활의학과, 응급의학과, 통합치의학과","","","","0","0","","","0","","시군구",
"25","병원","01_01_01_P","4070000","PHMA219844070023021200001","1984-12-29","","01","영업/정상","13","영업중","","","","","031-635-2624","2506.96","467-800","경기도 이천시 중리동 467-2","경기도 이천시 경충대로 2560-2 (중리동)","17373","이천파티마병원","2026-01-23 09:29:50","U","2026-01-25 02:40:00","병원","239758.618399176","419297.442225851","병원","6","22","89","2506.96","308 307 306 305 304 303 302 301 124 105 104 101","내과, 외과, 정형외과, 직업환경의학과, 한방내과, 한방부인과, 한방소아과, 한방안·이비인후·피부과, 한방신경정신과, 한방재활의학과, 사상체질과, 침구과","","","","0","0","","","0","","시군구",
"26","병원","01_01_01_P","4070000","PHMA220014070023021200001","2001-08-09","","01","영업/정상","13","영업중","","","","","031-637-8844","6358.6","","경기도 이천시 호법면 매곡리 990-1 양지요양병원","경기도 이천시 호법면 덕평로 224, 양지요양병원","17396","의료법인양지의료재단양지요양병원","2026-01-23 09:29:39","U","2026-01-25 02:40:00","요양병원(일반요양병원)","233474.391713205","409564.173241684","요양병원(일반요양병원)","23","36","169","6358.6","101 102 104 122 301 306","내과, 신경과, 외과, 가정의학과, 한방내과, 한방재활의학과","","","","0","0","","","0","","시군구",
"27","병원","01_01_01_P","4070000","PHMA220034070023021200001","2003-01-03","","01","영업/정상","13","영업중","","","","","630-0300","2761.55","","경기도 이천시 진리동 9-11 바른병원","경기도 이천시 경충대로 2543, 바른병원 (진리동)","17381","바른병원","2026-01-23 09:30:18","U","2026-01-25 02:40:00","병원","239866.839779158","419182.86700387","병원","23","18","60","2761.55","120 116 109 106 105 104 101","내과, 외과, 정형외과, 신경외과, 마취통증의학과, 영상의학과, 재활의학과","","","","0","0","","","0","","시군구",
"28","병원","01_01_01_P","4070000","PHMA220034070023021200002","2003-08-14","","01","영업/정상","13","영업중","","","","","031-642-8871","2676.38","","","경기도 이천시 장호원읍 서동대로 8793, 이천엘리야병원","17421","이천엘리야병원","2026-01-23 09:25:27","U","2026-01-25 02:40:00","병원","254328.918548537","401736.401483967","병원","24","23","73","2676.38","101 102 104 105 106 109 111 113 114 115 116 118 120","내과, 신경과, 외과, 정형외과, 신경외과, 마취통증의학과, 소아청소년과, 이비인후과, 피부과, 비뇨의학과, 영상의학과, 병리과, 재활의학과","","","","0","0","","","0","","시군구",
"29","병원","01_01_01_P","4070000","PHMA220084070023021200001","2008-01-04","","01","영업/정상","13","영업중","","","","","031-644-9141","7518.55","","","경기도 이천시 신둔면 이장로311번길 197-35","17306","한국관광대학 부설 노인전문병원","2026-01-23 09:30:07","U","2026-01-25 02:40:00","요양병원(노인병원)","233548.39142668","420230.498987459","요양병원(노인병원)","26","46","190","7518.55","101 104 106 120 301 302 303 304 305 306 307 308","내과, 외과, 신경외과, 재활의학과, 한방내과, 한방부인과, 한방소아과, 한방안·이비인후·피부과, 한방신경정신과, 한방재활의학과, 사상체질과, 침구과","","","","0","0","","","0","","시군구",
"30","병원","01_01_01_P","4050000","PHMA220064050149021200001","2006-05-11","","01","영업/정상","13","영업중","","","","","031-889-8700","2020.84","","경기도 용인시 수지구 죽전동 1190번지 5호 신주프라자","경기도 용인시 수지구 현암로 164, 신주프라자 306호,4층,603호~608호 (죽전동)","16880","메디하임효요양병원","2026-01-23 17:49:42","U","2026-01-25 02:40:00","요양병원(일반요양병원)","211234.918978702","425476.376704662","요양병원(일반요양병원)","17","28","156","2020.84","101 104 105 106 120 122 306","내과, 외과, 정형외과, 신경외과, 재활의학과, 가정의학과, 한방재활의학과","","","","0","0","","","0","","시군구",
"31","병원","01_01_01_P","4070000","PHMA220164070023021200001","2016-10-20","","01","영업/정상","13","영업중","","","","","031-641-3080","2312.68","","","경기도 이천시 장호원읍 샘재로145번길 41, 장호원성모요양병원","17418","의료법인 목민의료재단 장호원요양병원","2026-01-23 09:29:17","U","2026-01-25 02:40:00","요양병원(일반요양병원)","255826.10894267","402149.637278127","요양병원(일반요양병원)","9","20","90","2312.68","104 301","외과, 한방내과","","","","0","0","","","0","","시군구",
"32","병원","01_01_01_P","4070000","PHMA220154070023021200001","2015-01-23","","01","영업/정상","13","영업중","","","","","-636-7522","620.38","","","경기도 이천시 중리천로 58 (중리동)","17374","연세스카이치과병원","2026-01-23 09:16:57","U","2026-01-25 02:40:00","치과병원","239314.554698554","419842.498933908","치과병원","5","0","0","620.38","404 405 406 407 412","치과교정과, 소아치과, 치주과, 치과보존과, 통합치의학과","","","","0","0","","","0","","시군구",
"33","병원","01_01_01_P","4070000","PHMA220154070023021200002","2015-10-06","","01","영업/정상","13","영업중","","","","","1644-0810","3406.74","","경기도 이천시 창전동 150번지 11호","경기도 이천시 영창로 189, 3~8층 (창전동)","17364","추새로병원","2026-01-23 09:28:08","U","2026-01-25 02:40:00","병원","239271.029231516","420038.926118997","병원","11","20","86","3406.74","116 109 106 105 102 101","내과, 신경과, 정형외과, 신경외과, 마취통증의학과, 영상의학과","","","","0","0","","","0","","시군구",
"34","병원","01_01_01_P","4070000","PHMA220184070023021200001","2018-02-22","","01","영업/정상","13","영업중","","","","","031-637-6370","2690.67","","","경기도 이천시 경충대로 2738-4 (관고동)","17366","이천효요양병원","2026-01-23 09:25:04","U","2026-01-25 02:40:00","요양병원(일반요양병원)","238324.495116783","420071.437771268","요양병원(일반요양병원)","18","27","184","2690.67","101 104 110 301","내과, 외과, 산부인과, 한방내과","","","","0","0","","","0","","시군구",
"35","병원","01_01_01_P","4050000","PHMA220144050149021200001","2014-11-07","","01","영업/정상","13","영업중","","","","","031-216-9888","3435.41","","","경기도 용인시 수지구 광교중앙로 311, 우리상가 3층~9층 (상현동)","16944","광교참좋은병원","2026-01-23 17:50:18","U","2026-01-25 02:40:00","병원","206040.234431387","421761.364192741","병원","31","34","127","3435.41","122 120 116 102 101","내과, 신경과, 영상의학과, 재활의학과, 가정의학과","","","","0","0","","","0","","시군구",
"36","병원","01_01_01_P","4050000","PHMA220154050149021200002","2015-03-12","","01","영업/정상","13","영업중","","","","","031-8005-1300","12620.83","","","경기도 용인시 수지구 포은대로59번길 15 (상현동, 광교복합의료센터)","16864","린병원","2026-01-23 17:49:59","U","2026-01-25 02:40:00","병원","205813.010886518","422073.030984759","병원","111","71","318","12620.83","120 101","내과, 재활의학과","","","","0","0","","","0","","시군구",
"37","병원","01_01_01_P","4050000","PHMA220184050149021200001","2018-04-25","","01","영업/정상","13","영업중","","","","","031-659-7800","8224.24","","","경기도 용인시 수지구 포은대로59번길 17, 광교복합의료센터,지하1층,1층일부,2층~4층,6층 (상현동)","16864","(의)현당의료재단 늘봄요양병원","2026-01-23 16:09:50","U","2026-01-25 02:40:00","요양병원(일반요양병원)","205764.127149337","422120.56126643","요양병원(일반요양병원)","59","104","300","8224.24","101 117 120 301","내과, 방사선종양학과, 재활의학과, 한방내과","","","","0","0","","","0","","시군구",
"38","병원","01_01_01_P","5690000","PHMA220195690249021200002","2019-04-30","","01","영업/정상","13","영업중","","","","","044-850-7700","9408.55","","","세종특별자치시 한누리대로 161, 세종시 NK리움힐 상가 1~8층 (나성동)","30130","의료법인 영제 의료재단 엔케이세종병원","2026-01-23 10:55:16","U","2026-01-25 02:40:00","종합병원","223430.86798229","330990.495508785","종합병원","101","65","200","9408.55","101 104 105 106 109 111 116 118 122 124 125 412","내과, 외과, 정형외과, 신경외과, 마취통증의학과, 소아청소년과, 영상의학과, 병리과, 가정의학과, 직업환경의학과, 응급의학과, 통합치의학과","","","","0","0","","","0","","시군구",
"39","병원","01_01_01_P","3430000","PHMA220063430019021200002","2006-08-18","","01","영업/정상","13","영업중","","","","","053-558-5800","4977.91","","대구광역시 서구 평리동 1421번지 5호","대구광역시 서구 국채보상로 200 (평리동)","41834","대명의료재단서대구병원","2026-01-23 08:44:34","U","2026-01-25 02:40:00","병원","340185.124027593","264390.7891165","병원","79","25","147","4977.91","105 106 101 104 113 116 122 102 111 114 120 109","내과, 신경과, 외과, 정형외과, 신경외과, 마취통증의학과, 소아청소년과, 이비인후과, 피부과, 영상의학과, 재활의학과, 가정의학과","","","","0","0","","","0","","시군구",
"40","병원","01_01_01_P","3430000","PHMA220073430019021200001","2007-05-04","","01","영업/정상","13","영업중","","","","","053-565-9200","7390","703-801","대구광역시 서구 내당동 242번지 1호","대구광역시 서구 서대구로 60 (내당동)","41858","한신병원","2026-01-23 08:44:13","U","2026-01-25 02:40:00","병원","340529.546469084","263701.289462859","병원","112","76","292","7390","301 122 120 114 111 102 101","내과, 신경과, 소아청소년과, 피부과, 재활의학과, 가정의학과, 한방내과","","","","0","0","","","0","","시군구",
"41","병원","01_01_01_P","3430000","PHMA220073430019021200003","2007-06-20","","01","영업/정상","13","영업중","","","","","053-720-0365","4865","703-812","대구광역시 서구 비산동","대구광역시 서구 국채보상로 379 (비산동)","41799","새동산병원","2026-01-23 08:43:50","U","2026-01-25 02:40:00","병원","341936.018970622","264741.18110298","병원","52","29","131","4865","122 119 116 115 114 111 109 106 105 104 102 101","내과, 신경과, 외과, 정형외과, 신경외과, 마취통증의학과, 소아청소년과, 피부과, 비뇨의학과, 영상의학과, 진단검사의학과, 가정의학과","","","","0","0","","","0","","시군구",
"42","병원","01_01_01_P","3430000","PHMA220153430019021200001","2015-05-07","","01","영업/정상","13","영업중","","","","","053-551-9119","7377.36","","대구광역시 서구 평리동 670번지 5호","대구광역시 서구 북비산로 250 (평리동, 제일효병원)","41771","제일효요양병원","2026-01-23 08:44:44","U","2026-01-25 02:40:00","요양병원(일반요양병원)","340838.071819915","265432.528625928","요양병원(일반요양병원)","42","51","286","7377.36","308 122 120 114 109 106 105 104 102 101","내과, 신경과, 외과, 정형외과, 신경외과, 마취통증의학과, 피부과, 재활의학과, 가정의학과, 침구과","","","","0","0","","","0","","시군구",
"43","병원","01_01_01_P","3460000","PHMA220113460023021200006","2011-12-20","","01","영업/정상","13","영업중","","","","","053-766-8700","4542.82","","","대구광역시 수성구 수성로 268, 1층 102호, 2층~8층 (중동)","42133","수성중동병원","2026-01-23 01:43:18","U","2026-01-25 02:40:00","정신병원","345690.886690559","262236.478964009","정신병원","38","72","349","4542.82","101 102 103 120 122 412","내과, 신경과, 정신건강의학과, 재활의학과, 가정의학과, 통합치의학과","","","","0","0","","","0","","시군구",
"44","병원","01_01_01_P","3420000","PHMA220033420023021200001","2003-03-05","","01","영업/정상","13","영업중","","","","","053-749-0000","4938.5","","대구광역시 동구 효목동 510번지 4호 동부허병원","대구광역시 동구 화랑로 81, 동부허병원 (효목동)","41236","열경의료재단동부허병원","2026-01-23 02:43:23","U","2026-01-25 02:40:00","정신병원","347649.575245254","264835.772944133","정신병원","24","49","219","4938.5","122 109 106 105 104 103 102 101","내과, 신경과, 정신건강의학과, 외과, 정형외과, 신경외과, 마취통증의학과, 가정의학과","","","","0","0","","","0","","시군구",
"45","병원","01_01_01_P","3420000","PHMA220143420023021200002","2014-12-30","","01","영업/정상","13","영업중","","","","","053-267-8000","3456","701-260","대구광역시 동구 율암동 524번지 352호","대구광역시 동구 반야월북로2길 16-1 (율암동)","41128","온빛병원","2026-01-23 02:13:24","U","2026-01-25 02:40:00","정신병원","353672.39330572","265582.057767593","정신병원","14","48","167","3456","122 111 105 103 102 101","내과, 신경과, 정신건강의학과, 정형외과, 소아청소년과, 가정의학과","","","","0","0","","","0","","시군구",
"46","병원","01_01_01_P","3910000","PHMA220133910168021200001","2013-04-26","","01","영업/정상","13","영업중","","","","","610-8200","4683.65","450-020","경기도 평택시 합정동 966번지 7호","경기도 평택시 중앙로 288 (합정동)","17902","평택21세기병원","2026-01-23 15:51:52","U","2026-01-25 02:40:00","병원","210109.777897254","387632.108077604","병원","32","23","98","4683.65","106 105 101 109 116","내과, 정형외과, 신경외과, 마취통증의학과, 영상의학과","","","","0","0","","","0","","시군구",
"47","병원","01_01_01_P","3910000","PHMA220153910168021200001","2015-01-29","","01","영업/정상","13","영업중","","","","","-1800-8800","24793.14","","","경기도 평택시 평택로 284 (세교동)","17825","의료법인 양진의료재단 평택성모병원","2026-01-23 15:51:30","U","2026-01-25 02:40:00","종합병원","206528.12628095","389641.576158318","종합병원","414","100","366","24793.14","101 102 103 104 105 106 109 110 111 113 115 116 119 122 124 125 406 411 412","내과, 신경과, 정신건강의학과, 외과, 정형외과, 신경외과, 마취통증의학과, 산부인과, 소아청소년과, 이비인후과, 비뇨의학과, 영상의학과, 진단검사의학과, 가정의학과, 직업환경의학과, 응급의학과, 치주과, 예방치과, 통합치의학과","","","","0","0","","","0","","시군구",
"48","병원","01_01_01_P","3910000","PHMA220033910165021200002","2003-01-20","","01","영업/정상","13","영업중","","","","","031-666-2600","5559.18","","","경기도 평택시 송탄로 33 (장당동)","17784","의료법인 갈렌의료재단 박병원","2026-01-23 09:43:37","U","2026-01-25 02:40:00","종합병원","204999.243227076","394060.030648147","종합병원","151","32","154","5559.18","125 124 122 120 119 116 110 109 106 105 104 102 101","내과, 신경과, 외과, 정형외과, 신경외과, 마취통증의학과, 산부인과, 영상의학과, 진단검사의학과, 재활의학과, 가정의학과, 직업환경의학과, 응급의학과","","","","0","0","","","0","","시군구",
"49","병원","01_01_01_P","3910000","PHMA219853910168021200001","1985-12-23","","01","영업/정상","13","영업중","","","","","031-657-1451","4406","450-832","경기도 평택시 합정동 774번지 1호 외 1필지(773-6)","경기도 평택시 조개터로42번길 61 (합정동)","17904","의료법인양진의료재단 성세아이들병원","2026-01-23 15:50:48","U","2026-01-25 02:40:00","병원","209381.442674186","387646.071544417","병원","42","27","44","4406","113 111","소아청소년과, 이비인후과","","","","0","0","","","0","","시군구",
"50","병원","01_01_01_P","3910000","PHMA220023910168021200001","2002-04-01","","01","영업/정상","13","영업중","","","","","031-5182-7700","37245.74","","경기도 평택시 합정동 883번지","경기도 평택시 중앙로 338 (합정동)","17874","의료법인백송의료재단 굿모닝병원","2026-01-23 15:50:59","U","2026-01-25 02:40:00","종합병원","210658.814016772","387673.399901758","종합병원","604","154","422","37245.74","411 125 124 123 122 120 119 118 117 116 115 113 111 110 109 107 106 105 104 103 102 101","내과, 신경과, 정신건강의학과, 외과, 정형외과, 신경외과, 심장혈관흉부외과, 마취통증의학과, 산부인과, 소아청소년과, 이비인후과, 비뇨의학과, 영상의학과, 방사선종양학과, 병리과, 진단검사의학과, 재활의학과, 가정의학과, 핵의학과, 직업환경의학과, 응급의학과, 예방치과","","","","0","0","","","0","","시군구",
"51","병원","01_01_01_P","5700000","PHMA220094110016021200001","2009-02-03","","01","영업/정상","13","영업중","","","","","031-884-8100","9403.67","","","경기도 여주시 가남읍 경충대로961번길 2-15","12663","베스트요양병원","2026-01-23 11:30:48","U","2026-01-25 02:40:00","요양병원(일반요양병원)","","","요양병원(일반요양병원)","53","64","468","9403.67","101 102 106 120 301 302 304 305","내과, 신경과, 신경외과, 재활의학과, 한방내과, 한방부인과, 한방안·이비인후·피부과, 한방신경정신과","","","","0","0","","","0","","시군구",
"52","병원","01_01_01_P","4070000","PHMA220244070023021200001","2024-09-03","","01","영업/정상","13","영업중","","","","","031-8011-2075","1219","","","경기도 이천시 중리천로 98, 그랜드웨딩홀 2.5층 (중리동)","17373","이천하늘애한방병원","2026-01-23 09:29:07","U","2026-01-25 02:40:00","한방병원","239648.233281058","419610.566422589","한방병원","15","11","38","1219","105 301 302 303 304 305 306 307 308","정형외과, 한방내과, 한방부인과, 한방소아과, 한방안·이비인후·피부과, 한방신경정신과, 한방재활의학과, 사상체질과, 침구과","","","","0","0","","","0","","시군구",
"53","병원","01_01_01_P","3910000","PHMA220193910168021200002","2019-10-17","","01","영업/정상","13","영업중","","","","","031-655-5200","4988.22","","경기도 평택시 비전동 1102번지 3호","경기도 평택시 비전5로 20-30, 2,3,4,5층 (비전동)","17854","도솔한방병원","2026-01-23 15:52:06","U","2026-01-25 02:40:00","한방병원","210176.777395779","388594.941236533","한방병원","44","26","95","4988.22","308 307 306 305 304 303 302 301 122 120 116","영상의학과, 재활의학과, 가정의학과, 한방내과, 한방부인과, 한방소아과, 한방안·이비인후·피부과, 한방신경정신과, 한방재활의학과, 사상체질과, 침구과","","","","0","0","","","0","","시군구",
"54","병원","01_01_01_P","4490000","PHMA220234490260021200001","2023-06-09","","01","영업/정상","13","영업중","","","","","041-622-3311","5423.62","","충청남도 천안시 동남구 삼룡동 381-22 B1~3(일부)층","충청남도 천안시 동남구 천안대로 215, B1~3(일부)층 (삼룡동)","31212","프라미스요양병원","2026-01-23 11:31:27","U","2026-01-25 02:40:00","요양병원(일반요양병원)","214670.392318062","362906.847543519","요양병원(일반요양병원)","28","43","250","5423.62","308 307 306 305 304 303 302 301 120 106 104 101","내과, 외과, 신경외과, 재활의학과, 한방내과, 한방부인과, 한방소아과, 한방안·이비인후·피부과, 한방신경정신과, 한방재활의학과, 사상체질과, 침구과","","","","0","0","","","0","","시군구",
"55","병원","01_01_01_P","3700000","PHMA219933700018021200001","1993-06-21","","01","영업/정상","13","영업중","","","","","052-226-7114","10615.78","680-816","울산광역시 남구 삼산동 1574번지 2호","울산광역시 남구 삼산중로 94 (삼산동)","44705","의)정우의료재단 더프라우병원","2026-01-23 18:08:16","U","2026-01-25 02:40:00","병원","411772.807960307","229412.797203091","병원","84","65","153","10615.78","116 110 109 108 106 105 101","내과, 정형외과, 신경외과, 성형외과, 마취통증의학과, 산부인과, 영상의학과","","","","0","0","","","0","","시군구",
"56","병원","01_01_01_P","4840000","PHMA220094840022021200001","2009-06-11","","01","영업/정상","13","영업중","","","","","061-797-8200","5575","545-070","전라남도 광양시 마동 892번지 3호","전라남도 광양시 진등길 91 (마동)","57773","광양시공립노인전문요양병원","2026-01-23 09:58:57","U","2026-01-25 02:40:00","요양병원(일반요양병원)","262943.304316009","162295.063380735","요양병원(일반요양병원)","15","48","174","5575","308 307 304 302 301 122 110 102","신경과, 산부인과, 가정의학과, 한방내과, 한방부인과, 한방안·이비인후·피부과, 사상체질과, 침구과","","","","0","0","","","0","","시군구",
"57","병원","01_01_01_P","4840000","PHMA220124840022021200001","2012-12-06","","01","영업/정상","13","영업중","","","","","061-798-9800","9842.58","545-070","전라남도 광양시 마동 873번지","전라남도 광양시 진등길 93 (마동)","57773","의료법인 현경의료재단 광양서울병원","2026-01-23 18:12:21","U","2026-01-25 02:40:00","종합병원","263074.999377294","162261.927610877","종합병원","75","64","208","9842.58","411 124 122 119 116 111 109 106 105 104 101","내과, 외과, 정형외과, 신경외과, 마취통증의학과, 소아청소년과, 영상의학과, 진단검사의학과, 가정의학과, 직업환경의학과, 예방치과","","","","0","0","","","0","","시도",
"58","병원","01_01_01_P","4800000","PHMA220094800026021200001","2009-03-28","","01","영업/정상","13","영업중","","","","","061-280-8800","3147.01","530-822","전라남도 목포시 상동 835번지","전라남도 목포시 백년대로 319 (상동)","","미르치과병원","2026-01-23 09:04:49","U","2026-01-25 02:40:00","치과병원","147055.453490733","145327.140845263","치과병원","12","0","0","3147.01","411 409 408 407 406 405 404 403 402","구강악안면외과, 치과보철과, 치과교정과, 소아치과, 치주과, 치과보존과, 구강내과, 영상치의학과, 예방치과","","","","0","0","","","0","","시군구",
"59","병원","01_01_01_P","4950000","PHMA219944950018021200001","1994-08-01","","01","영업/정상","13","영업중","","","","","061-450-3000","10410","534-804","전라남도 무안군 무안읍 성동리165번지","전라남도 무안군 무안읍 몽탄로 65","58532","대송의료재단무안병원","2026-01-23 09:22:47","U","2026-01-25 02:40:00","종합병원","153314.646090784","166024.447606286","종합병원","79","70","272","10410","125 122 120 119 116 110 109 106 105 104 103 102 101","내과, 신경과, 정신건강의학과, 외과, 정형외과, 신경외과, 마취통증의학과, 산부인과, 영상의학과, 진단검사의학과, 재활의학과, 가정의학과, 응급의학과","","","","0","0","","","0","","시군구",
"60","병원","01_01_01_P","4950000","PHMA220164950018021200001","2016-02-29","","01","영업/정상","13","영업중","","","","","061262-7585","0","","","전라남도 무안군 삼향읍 대죽동로 43","58567","남악한방병원","2026-01-23 09:12:40","U","2026-01-25 02:40:00","한방병원","150860.762436226","146135.703208068","한방병원","5","21","62","0","","","","","","0","0","","","0","","시도",
"61","병원","01_01_01_P","4830000","PHMA219874830021021200001","1987-06-24","","01","영업/정상","13","영업중","","","","","061-330-6114","5755.81","","전라남도 나주시 성북동 100번지7호","전라남도 나주시 영산로 5419 (성북동)","520-050","나주종합병원","2026-01-23 09:22:08","U","2026-01-25 02:40:00","종합병원","","","종합병원","72","51","178","5755.81","408 125 119 116 110 109 106 105 104 102 101","내과, 신경과, 외과, 정형외과, 신경외과, 마취통증의학과, 산부인과, 영상의학과, 진단검사의학과, 응급의학과, 구강내과","","","","0","0","","","0","","시군구",
"62","병원","01_01_01_P","3910000","PHMA220203910168021200001","2020-02-03","","01","영업/정상","13","영업중","","","","","031-658-7800","3734.41","","","경기도 평택시 비전2로 194, 소사벌 어반테라스 1동 5층~9층층 (비전동)","17854","평택삼성요양병원","2026-01-23 15:51:09","U","2026-01-25 02:40:00","요양병원(일반요양병원)","209909.263045812","388797.646751507","요양병원(일반요양병원)","25","38","199","3734.41","308 306 301 122 120 101","내과, 재활의학과, 가정의학과, 한방내과, 한방재활의학과, 침구과","","","","0","0","","","0","","시군구",
"63","병원","01_01_01_P","4000000","PHMA220264000018021200001","2026-01-09","","01","영업/정상","13","영업중","","","","","031-373-8500","1384.96","","경기도 오산시 원동 813-2","경기도 오산시 운천로 50, 인송빌딩 2,3층 (원동)","18139","수려한한방병원","2026-01-23 17:46:05","U","2026-01-25 02:40:00","한방병원","206566.705","405033.99","한방병원","13","23","45","1384.96","308 307 306 302 301 120 116 109 106 105 101","내과, 정형외과, 신경외과, 마취통증의학과, 영상의학과, 재활의학과, 한방내과, 한방부인과, 한방재활의학과, 사상체질과, 침구과","","","","0","0","","","0","","시군구",
"64","병원","01_01_01_P","5690000","PHMA220265690249021200001","2026-01-14","","01","영업/정상","13","영업중","","","","","044-417-6636","1685.7","","세종특별자치시 아름동 1315 아름메디컬센터","세종특별자치시 보듬3로 158, 아름메디컬센터 2,3,6층 (아름동)","30100","고래한방병원","2026-01-23 10:55:38","U","2026-01-25 02:40:00","한방병원","221625.787910564","334612.025161281","한방병원","15","19","52","1685.7","308 306 305 304 303 302 301 111","소아청소년과, 한방내과, 한방부인과, 한방소아과, 한방안·이비인후·피부과, 한방신경정신과, 한방재활의학과, 침구과","","","","0","0","","","0","","시군구",
"65","병원","01_01_01_P","3300000","PHMA219743300024021200001","1980-02-21","","01","영업/정상","13","영업중","","","","","051-554-1233","24095.65","607-804","명륜1동 530-1","부산광역시 동래구 충렬대로 187 (명륜동)","47737","대동병원","2026-01-23 09:44:03","U","2026-01-25 02:40:00","종합병원","389368.052093311","191426.174156753","종합병원","474","123","432","24095.65","412 402 125 122 120 119 118 116 115 114 113 111 110 109 108 106 105 104 103 102 101","내과, 신경과, 정신건강의학과, 외과, 정형외과, 신경외과, 성형외과, 마취통증의학과, 산부인과, 소아청소년과, 이비인후과, 피부과, 비뇨의학과, 영상의학과, 병리과, 진단검사의학과, 재활의학과, 가정의학과, 응급의학과, 구강악안면외과, 통합치의학과","","","","0","0","","","0","","시군구",
"66","병원","01_01_01_P","3300000","PHMA220073300024021200001","2007-03-02","","01","영업/정상","13","영업중","","","","","051-500-1500","2755.17","","","부산광역시 동래구 충렬대로 120 (온천동)","47823","으뜸요양병원","2026-01-23 09:43:14","U","2026-01-25 02:40:00","요양병원(일반요양병원)","388748.982672717","191607.475128099","요양병원(일반요양병원)","20","45","188","2755.17","101 102 104 105 106 109 110 111 113 114 115 117 119 120 122 125 301 302 303 304 305 306 307 308 309","내과, 신경과, 외과, 정형외과, 신경외과, 마취통증의학과, 산부인과, 소아청소년과, 이비인후과, 피부과, 비뇨의학과, 방사선종양학과, 진단검사의학과, 재활의학과, 가정의학과, 응급의학과, 한방내과, 한방부인과, 한방소아과, 한방안·이비인후·피부과, 한방신경정신과, 한방재활의학과, 사상체질과, 침구과, 한방응급과","","","","0","0","","","0","","시군구",
"67","병원","01_01_01_P","3300000","PHMA220083300024021200001","2008-12-26","","01","영업/정상","13","영업중","","","","","051-555-7588","3586.8","","","부산광역시 동래구 금강로 64 (온천동)","47713","의료법인 영신의료재단 동래유유요양병원","2026-01-23 09:43:53","U","2026-01-25 02:40:00","요양병원(일반요양병원)","389099.832392605","192604.671044886","요양병원(일반요양병원)","36","48","189","3586.8","101 102 104 105 114 115 120 122 301 302 303 304 305 306 307 308","내과, 신경과, 외과, 정형외과, 피부과, 비뇨의학과, 재활의학과, 가정의학과, 한방내과, 한방부인과, 한방소아과, 한방안·이비인후·피부과, 한방신경정신과, 한방재활의학과, 사상체질과, 침구과","","","","0","0","","","0","","시군구",
"68","병원","01_01_01_P","3300000","PHMA219833300024021200001","1983-12-07","","01","영업/정상","13","영업중","","","","","051-503-2111","10105.47","","부산광역시 동래구 온천동 1426번지 7호 광혜병원","부산광역시 동래구 충렬대로 96 (온천동, 광혜병원)","47821","의료법인 광혜의료재단 광혜병원","2026-01-23 09:44:14","U","2026-01-25 02:40:00","종합병원","388532.711180342","191717.372167709","종합병원","179","58","200","10105.47","122 120 119 116 115 113 111 110 109 105 104 102 101","내과, 신경과, 외과, 정형외과, 마취통증의학과, 산부인과, 소아청소년과, 이비인후과, 비뇨의학과, 영상의학과, 진단검사의학과, 재활의학과, 가정의학과","","","","0","0","","","0","","시군구",
"69","병원","01_01_01_P","3300000","PHMA220123300024021200001","2012-09-14","","01","영업/정상","13","영업중","","","","","1899-2555","12783.22","","","부산광역시 동래구 충렬대로 255 (수안동)","47813","의료법인 상원의료재단 부산힘찬병원","2026-01-23 09:42:57","U","2026-01-25 02:40:00","병원","390006.797186421","191136.925894506","병원","98","35","165","12783.22","116 109 106 105 101","내과, 정형외과, 신경외과, 마취통증의학과, 영상의학과","","","","0","0","","","0","","시군구",
"70","병원","01_01_01_P","3300000","PHMA220123300024021200002","2012-10-11","","01","영업/정상","13","영업중","","","","","051-559-8888","2249.5","","","부산광역시 동래구 충렬대로 188 (명륜동)","47815","동래성모병원","2026-01-23 09:44:24","U","2026-01-25 02:40:00","병원","389368.236349955","191315.649199709","병원","35","29","87","2249.5","101","내과","","","","0","0","","","0","","시군구",
"71","병원","01_01_01_P","3300000","PHMA220173300024021200002","2017-06-12","","01","영업/정상","13","영업중","","","","","051-525-7711","5836.89","","","부산광역시 동래구 충렬대로 372 (안락동, 안락동요양병원)","47889","준요양병원","2026-01-23 09:43:24","U","2026-01-25 02:40:00","요양병원(일반요양병원)","391108.726474083","190687.472492742","요양병원(일반요양병원)","43","51","246","5836.89","308 306 301 122 120 115 114 113 106 105 104 102 101","내과, 신경과, 외과, 정형외과, 신경외과, 이비인후과, 피부과, 비뇨의학과, 재활의학과, 가정의학과, 한방내과, 한방재활의학과, 침구과","","","","0","0","","","0","","시군구",
"72","병원","01_01_01_P","3300000","PHMA220163300024021200001","2016-12-29","","01","영업/정상","13","영업중","","","","","051-500-9000","12086.68","","부산광역시 동래구 온천동 210번지 88호","부산광역시 동래구 금강공원로 40 (온천동)","47709","의료법인 강혜의료재단 온천사랑의요양병원","2026-01-23 09:42:44","U","2026-01-25 02:40:00","요양병원(일반요양병원)","389331.882477325","193080.591721062","요양병원(일반요양병원)","69","94","398","12086.68","302 301 122 120 110 107 106 105 104 102 101","내과, 신경과, 외과, 정형외과, 신경외과, 심장혈관흉부외과, 산부인과, 재활의학과, 가정의학과, 한방내과, 한방부인과","","","","0","0","","","0","","시군구",
"73","병원","01_01_01_P","4490000","PHMA220164490260021200001","2016-02-25","","01","영업/정상","13","영업중","","","","","041-556-7781","3065.5","","충청남도 천안시 동남구 대흥동 80번지","충청남도 천안시 동남구 대흥로 228 (대흥동, 삼영빌딩)","31129","의료법인 백석의료재단 한사랑요양병원","2026-01-23 11:31:44","U","2026-01-25 02:40:00","요양병원(일반요양병원)","213145.007534091","367451.618122438","요양병원(일반요양병원)","34","35","197","3065.5","301 120 106 105 101","내과, 정형외과, 신경외과, 재활의학과, 한방내과","","","","0","0","","","0","","시군구",
"74","병원","01_01_01_P","6430000","199964300002000001","1999-09-03","","01","영업/정상","BBBB","","","","","","0432906676","5229","","","충청북도 청주시 상당구 남일면 단재로 635-0,  층","","공군항공우주의료원","2026-01-23 16:03:11","U","2026-01-25 02:40:00","병원","247129.428058927","342190.514141009","","69","19","45","5229","","","","","","0","0","","","0","","시도",
"75","병원","01_01_01_P","6430000","200864300002000003","2006-12-18","","01","영업/정상","1","정상","","","","","0438838800","967.23","","","충청북도 음성군 금왕읍 음성로1230번길 10-0","","의료법인 태성의료재단 제일조은병원","2026-01-23 16:03:28","U","2026-01-25 02:40:00","병원","253200.738819181","388615.459723045","의사","17","28","174","967.23","","","","","","0","0","","","0","","시도",
"76","병원","01_01_01_P","6430000","200664300002000004","2006-05-25","","01","영업/정상","BBBB","","","","","","0437409000","4250","","","충청북도 영동군 영동읍 대학로 106-0, 영동병원층","","의료법인 조윤의료재단 영동병원","2026-01-23 16:01:50","U","2026-01-25 02:40:00","병원","270178.137530661","298585.652924711","","54","42","196","4250","","","","","","0","0","","","0","","시도",
"77","병원","01_01_01_P","6430000","201164300002000007","2011-11-14","","01","영업/정상","BBBB","","","","","","0432918114","4732.67","","","충청북도 청주시 흥덕구 2순환로 1234-0,  (강서동)층 (강서동)","","씨엔씨푸른병원","2026-01-23 16:02:58","U","2026-01-25 02:40:00","병원","238370.672750086","347272.510736329","의사","55","24","121","4732.67","","","","","","0","0","","","0","","시도",
"78","병원","01_01_01_P","6430000","200764300002000006","2007-12-13","","01","영업/정상","1","정상","","","","","0432180119","1333","","충청북도 청주시 청원구 오창읍 각리 639번지 9호 9호","충청북도 청주시 청원구 오창읍 중부로 683","","오창중앙병원","2026-01-23 16:01:36","U","2026-01-25 02:40:00","병원","238318.192840427","356254.809484516","의사","10","28","106","1333","","","","","","0","0","","","0","","시도",
"79","병원","01_01_01_P","6430000","201664300002000005","2016-06-17","","01","영업/정상","1","정상","","","","","0432119090","13202.3","","","충청북도 청주시 청원구 향군로 132-0,  (내덕동)층 (내덕동)","","첼로병원","2026-01-23 16:03:46","U","2026-01-25 02:40:00","병원","242917.794902129","350674.711773904","의사","119","76","267","13202.3","","","","","","0","0","","","0","","시도",
"80","병원","01_01_01_P","6430000","201764300002000004","2017-11-07","","01","영업/정상","1","정상","","","","","0432989988","2855.18","","","충청북도 청주시 상당구 상당로 112-0,  (북문로2가)층 (북문로2가)","","마디사랑병원","2026-01-23 16:04:21","U","2026-01-25 02:40:00","병원","243793.435910381","348672.120586904","의사","16","21","71","2855.18","","","","","","0","0","","","0","","시도",
"81","병원","01_01_01_P","3720000","PHMA220203720017021200001","2020-06-01","","01","영업/정상","13","영업중","","","","","052-268-7000","3661.59","","울산광역시 북구 신천동 334번지 6호","울산광역시 북구 제내1길 6 (신천동)","44224","의료법인에스엠씨의료재단 복음요양병원","2026-01-23 14:43:57","U","2026-01-25 02:40:00","요양병원(일반요양병원)","412973.845317568","239390.607593069","요양병원(일반요양병원)","24","42","191","3661.59","308 306 305 304 302 301 122 120 116 115 114 113 110 109 107 106 105 104 102 101","내과, 신경과, 외과, 정형외과, 신경외과, 심장혈관흉부외과, 마취통증의학과, 산부인과, 이비인후과, 피부과, 비뇨의학과, 영상의학과, 재활의학과, 가정의학과, 한방내과, 한방부인과, 한방안·이비인후·피부과, 한방신경정신과, 한방재활의학과, 침구과","","","","0","0","","","0","","시군구",
"82","병원","01_01_01_P","6430000","202564300002000003","2025-12-18","","01","영업/정상","1","정상","","","","","0448652036","39558","","충청북도 음성군 맹동면 두성리 1531번지 0호 국립소방병원 0호","충청북도 음성군 맹동면 용두4길 19-0, 국립소방병원층 (국립소방병원)","","국립소방병원","2026-01-23 16:06:44","U","2026-01-25 02:40:00","종합병원","","","의사","51","34","150","39558","","","","","","0","0","","","0","","시도",
"83","병원","01_01_01_P","3430000","PHMA220253430019021200003","2003-03-08","","01","영업/정상","13","영업중","","","","","053-620-9100","21345.47","","대구광역시 서구 내당동 965 대구 굿모닝병원","대구광역시 서구 달서로 42, 대구 굿모닝병원 지하2층~11층 (내당동)","41810","대구굿모닝병원","2026-01-23 08:44:23","U","2026-01-25 02:40:00","종합병원","341860.419648281","264004.459308992","종합병원","240","63","254","21345.47","120 119 116 111 110 109 106 102 101","내과, 신경과, 신경외과, 마취통증의학과, 산부인과, 소아청소년과, 영상의학과, 진단검사의학과, 재활의학과","","","","0","0","","","0","","시군구",
"84","병원","01_01_01_P","4060000","PHMA220234060482021200001","2023-02-16","","01","영업/정상","13","영업중","","","","","031-945-7788","1208","","경기도 파주시 와동동 1426 월드타워9","경기도 파주시 와석순환로 507, 월드타워9 4층, 5층 (와동동)","10896","파주365한방병원","2026-01-23 17:37:25","U","2026-01-25 02:40:00","한방병원","178941.187198305","469151.542209982","한방병원","35","46","92","1208","102 105 106 118 120 301 302 303 304 305 306 307 308","신경과, 정형외과, 신경외과, 병리과, 재활의학과, 한방내과, 한방부인과, 한방소아과, 한방안·이비인후·피부과, 한방신경정신과, 한방재활의학과, 사상체질과, 침구과","","","","0","0","","","0","","시군구",
"85","병원","01_01_01_P","6430000","202464300002000004","2024-03-13","","01","영업/정상","1","정상","","","","","0439008875","3343.8","","충청북도 청주시 상당구 영동  87번지 4호 4호","충청북도 청주시 상당구 교서로 1-0 (영동)","","청주탑병원","2026-01-23 16:03:35","U","2026-01-25 02:40:00","병원","243386.254577548","348522.731847745","의사","35","28","81","3343.8","","","","","","0","0","","","0","","시도",
"86","병원","01_01_01_P","3300000","PHMA220243300024021200001","2024-03-18","","01","영업/정상","13","영업중","","","","","051-500-1100","12824.82","","부산광역시 동래구 안락동 461-9","부산광역시 동래구 충렬대로 455 (안락동)","47795","빌리브세웅병원","2026-01-23 09:44:34","U","2026-01-25 02:40:00","종합병원","391940.318639746","190552.117896749","종합병원","140","66","238","12824.82","114 108 113 122 116 104 105 106 111 101 102 119 109","내과, 신경과, 외과, 정형외과, 신경외과, 성형외과, 마취통증의학과, 소아청소년과, 이비인후과, 피부과, 영상의학과, 진단검사의학과, 가정의학과","","","","0","0","","","0","","시군구",
"87","병원","01_01_01_P","3310000","PHMA219993310024021200001","1999-02-12","","01","영업/정상","13","영업중","","","","","051-624-6666","7878.38","","","부산광역시 남구 유엔평화로 156 (용당동)","48536","의료법인인혜의료재단가나병원","2026-01-23 03:13:15","U","2026-01-25 02:40:00","정신병원","","","정신병원","33","78","349","7878.38","103","정신건강의학과","","","","0","0","","","0","","시군구",
"88","병원","01_01_01_P","3310000","PHMA220093310024021200001","2009-02-13","","01","영업/정상","13","영업중","","","","","051-633-6665","1947.3","","","부산광역시 남구 수영로 165 (대연동)","48453","BH병원","2026-01-23 01:43:15","U","2026-01-25 02:40:00","정신병원","","","정신병원","12","30","112","1947.3","103","정신건강의학과","","","","0","0","","","0","","시군구",
"89","병원","01_01_01_P","3260000","PHMA220153260022021200001","2015-09-08","","01","영업/정상","13","영업중","","","","","247-0119","4283.93","","","부산광역시 서구 보수대로 9, 4~12층 (충무동1가)","49247","바른병원","2026-01-23 09:07:20","U","2026-01-25 02:40:00","병원","384570.731778786","179494.152011176","병원","86","39","139","4283.93","101 102 104 105 106 109 116 119 120","내과, 신경과, 외과, 정형외과, 신경외과, 마취통증의학과, 영상의학과, 진단검사의학과, 재활의학과","","","","0","0","","","0","","시군구",
"90","병원","01_01_01_P","3290000","PHMA219813290024021200001","1981-04-14","","01","영업/정상","13","영업중","","","","","051-645-9771","2862.67","","부산광역시 부산진구 범천동 719번지 14호","부산광역시 부산진구 범일로 133, 135, 3층 일부, 4층 전부, 5층 일부 (범천동)","47360","성가병원","2026-01-23 10:41:28","U","2026-01-25 02:40:00","병원","387579.908362203","184486.745707681","병원","14","32","77","2862.67","101 105 106 110 114 111 115 118 104 108 119","내과, 외과, 정형외과, 신경외과, 성형외과, 산부인과, 소아청소년과, 피부과, 비뇨의학과, 병리과, 진단검사의학과","","","","0","0","","","0","","시군구",
"91","병원","01_01_01_P","3260000","PHMA219743260022021200001","1974-02-26","","01","영업/정상","13","영업중","","","","","990-6114","70157.83","","부산광역시 서구 암남동 34","부산광역시 서구 감천로 262 (암남동)","49267","고신대학교복음병원","2026-01-23 09:06:47","U","2026-01-25 02:40:00","종합병원","383536.565995524","177692.190338789","종합병원","1368","273","844","70157.83","402 125 124 123 122 120 119 118 117 116 115 114 113 112 111 110 109 108 107 106 105 104 103 102 101","내과, 신경과, 정신건강의학과, 외과, 정형외과, 신경외과, 심장혈관흉부외과, 성형외과, 마취통증의학과, 산부인과, 소아청소년과, 안과, 이비인후과, 피부과, 비뇨의학과, 영상의학과, 방사선종양학과, 병리과, 진단검사의학과, 재활의학과, 가정의학과, 핵의학과, 직업환경의학과, 응급의학과, 구강악안면외과","","","","0","0","","","0","","시군구",
"92","병원","01_01_01_P","3260000","PHMA220073260022021200001","2005-11-17","","01","영업/정상","13","영업중","","","","","051-244-3315","10494.23","602-030","부산광역시 서구 암남동 759번지 1호","부산광역시 서구 암남공원로 522 (암남동)","602-030","송도요양병원","2026-01-23 09:07:11","U","2026-01-25 02:40:00","요양병원(일반요양병원)","383425.120185858","177476.560206395","요양병원(일반요양병원)","56","86","391","10494.23","403 308 301 122 120 106 104 101","내과, 외과, 신경외과, 재활의학과, 가정의학과, 한방내과, 침구과, 치과보철과","","","","0","0","","","0","","시군구",
"93","병원","01_01_01_P","3260000","PHMA219813260022021200001","1981-08-27","","01","영업/정상","13","영업중","","","","","240-7000","140190.34","","부산광역시 서구 아미동1가 10","부산광역시 서구 구덕로 179 (아미동1가)","49241","부산대학교병원","2026-01-23 09:07:30","U","2026-01-25 02:40:00","종합병원","384030.498741004","179806.024724594","종합병원","2195","307","1040","140190.34","408 407 406 403 402 304 125 123 122 120 119 118 117 116 115 114 113 112 111 110 109 108 107 106 105 104 103 102 101","내과, 신경과, 정신건강의학과, 외과, 정형외과, 신경외과, 심장혈관흉부외과, 성형외과, 마취통증의학과, 산부인과, 소아청소년과, 안과, 이비인후과, 피부과, 비뇨의학과, 영상의학과, 방사선종양학과, 병리과, 진단검사의학과, 재활의학과, 가정의학과, 핵의학과, 응급의학과, 한방안·이비인후·피부과, 구강악안면외과, 치과보철과, 치주과, 치과보존과, 구강내과","","","","0","0","","","0","","시군구",
"94","병원","01_01_01_P","3370000","PHMA220153370022021200003","2015-08-19","","01","영업/정상","13","영업중","","","","","051-507-7011","2966.12","","부산광역시 연제구 거제동 110-1","부산광역시 연제구 중앙대로 1239 (거제동)","47504","동래나눔과행복병원","2026-01-23 01:43:15","U","2026-01-25 02:40:00","정신병원","389225.59492178","190718.306987233","정신병원","19","33","134","2966.12","103 101","내과, 정신건강의학과","","","","0","0","","","0","","시군구",
"95","병원","01_01_01_P","5690000","PHMA220205690249021200003","2020-06-23","","01","영업/정상","13","영업중","","","","","1800-3114","97926.08","","세종특별자치시 도담동 407번지 세종충남대학교병원","세종특별자치시 보듬7로 20, 세종충남대학교병원 (도담동)","30099","세종충남대학교병원","2026-01-23 10:55:02","U","2026-01-25 02:40:00","종합병원","223047.577467673","335425.690379894","종합병원","815","133","401","97926.08","402 125 123 122 120 119 118 117 116 115 114 113 112 111 110 109 108 107 106 105 104 103 102 101","내과, 신경과, 정신건강의학과, 외과, 정형외과, 신경외과, 심장혈관흉부외과, 성형외과, 마취통증의학과, 산부인과, 소아청소년과, 안과, 이비인후과, 피부과, 비뇨의학과, 영상의학과, 방사선종양학과, 병리과, 진단검사의학과, 재활의학과, 가정의학과, 핵의학과, 응급의학과, 구강악안면외과","","","","0","0","","","0","","시군구",
"96","병원","01_01_01_P","5700000","PHMA220205700008021200001","2020-08-12","","01","영업/정상","13","영업중","","","","","031-886-8275","1861.17","","","경기도 여주시 세종로14번길 18, 여주중앙프라자 2, 6~7층 2층-202, 203, 205호 (창동)","12622","중앙한방병원","2026-01-23 11:30:23","U","2026-01-25 02:40:00","한방병원","256240.063248575","421904.586508473","한방병원","14","20","57","1861.17","101 301 302 303 304 305 306 307 308","내과, 한방내과, 한방부인과, 한방소아과, 한방안·이비인후·피부과, 한방신경정신과, 한방재활의학과, 사상체질과, 침구과","","","","0","0","","","0","","시군구",
"97","병원","01_01_01_P","3520000","PHMA220253520019021200003","2025-09-26","","01","영업/정상","13","영업중","","","","","032-822-8875","4128.38","","인천광역시 연수구 청학동 498-3","인천광역시 연수구 용담로99번길 29, 2층,5층~9층 (청학동)","21926","인천힐병원","2026-01-23 03:43:27","U","2026-01-25 02:40:00","정신병원","171296.515738613","435058.322857413","정신병원","13","32","174","4128.38","122 103 102","신경과, 정신건강의학과, 가정의학과","","","","0","0","","","0","","시군구",
"98","병원","01_01_01_P","3930000","PHMA220253930154021200002","2025-07-23","","01","영업/정상","13","영업중","","","","","031-416-0714","3364.57","","경기도 안산시 단원구 고잔동 523","경기도 안산시 단원구 화랑로 376, B1 일부, 2~4층 (고잔동)","15353","열린외과병원","2026-01-23 09:07:45","U","2026-01-25 02:40:00","병원","184795.69117454","424336.224294956","병원","16","10","35","3364.57","115 114 111 105 104 101","내과, 외과, 정형외과, 소아청소년과, 피부과, 비뇨의학과","","","","0","0","","","0","","시군구",
"99","병원","01_01_01_P","4681000","PHMA220254681049021200001","2025-08-27","","01","영업/정상","13","영업중","","","","","063854-4000","4433.89","","","전북특별자치도 익산시 춘포면 춘포2길 22-43","54581","벨라비스 요양병원","2026-01-23 17:29:24","U","2026-01-25 02:40:00","요양병원(일반요양병원)","","","요양병원(일반요양병원)","12","31","100","4433.89","301 101","내과, 한방내과","","","","0","0","","","0","","시도",
"100","병원","01_01_01_P","6470000","202564700002000005","2025-08-22","","01","영업/정상","1","정상","","","","","05493166600","4865.71","","경상북도 성주군 성주읍 성산리 66번지 0호 0호","경상북도 성주군 성주읍 성주순환로 277-0","","명경채요양병원","2026-01-23 15:55:08","U","2026-01-25 02:40:00","요양병원(일반요양병원)","","","의사","10","29","85","4865.71","","","","","","0","0","","","0","","시도",
"101","병원","01_01_01_P","4840000","PHMA219874840022021200002","1987-06-22","","01","영업/정상","13","영업중","","","","","061-761-7575","888.5","545-808","전라남도 광양시 광양읍 칠성리 517","전라남도 광양시 광양읍 인덕로 992","57753","의료법인광양의료재단 광양병원","2026-01-23 10:07:50","U","2026-01-25 02:40:00","병원","253083.401526509","163749.060187947","병원","3","7","26","888.5","105","정형외과","","","","0","0","","","0","","시군구",
"102","병원","01_01_01_P","3240000","PHMA220143240033021200003","2014-05-20","","01","영업/정상","13","영업중","","","","","1660-2500","2435.19","","","서울특별시 강동구 양재대로 1517, 남해빌딩 2층일부, 3~5층 (천호동)","05316","참잘함한방병원","2026-01-23 10:52:47","U","2026-01-25 02:40:00","한방병원","212376.206725401","448791.071403727","한방병원","25","16","56","2435.19","109 116 120 301 302 303 304 305 306 307 308","마취통증의학과, 영상의학과, 재활의학과, 한방내과, 한방부인과, 한방소아과, 한방안·이비인후·피부과, 한방신경정신과, 한방재활의학과, 사상체질과, 침구과","","","","0","0","","","0","","시군구",
"103","병원","01_01_01_P","3910000","PHMA220203910168021200003","2020-10-30","","01","영업/정상","13","영업중","","","","","031-653-6530","3600.36","","경기도 평택시 비전동 1103 가로수빌딩","경기도 평택시 비전5로 20-18, 가로수빌딩 1~4층 1층(102호),2층~4층호 (비전동)","17854","평택우리병원","2026-01-23 15:51:43","U","2026-01-25 02:40:00","병원","210041.453518562","388587.585426547","병원","60","17","61","3600.36","120 119 116 109 106 105 102 101","내과, 신경과, 정형외과, 신경외과, 마취통증의학과, 영상의학과, 진단검사의학과, 재활의학과","","","","0","0","","","0","","시군구",
"104","병원","01_01_01_P","6540000","202565400002000003","2025-06-09","","01","영업/정상","1","정상","","","","","0633221000","5129.66","","","전북특별자치도 무주군 무주읍 당산강변로 284-0","","무주군립요양병원","2026-01-23 14:27:32","U","2026-01-25 02:40:00","요양병원(일반요양병원)","","","","14","28","109","5129.66","","","","","","0","0","","","0","","시도",
"105","병원","01_01_01_P","3300000","PHMA220223300024021200003","2022-09-02","","01","영업/정상","13","영업중","","","","","051-503-8288","3507.11","","부산광역시 동래구 온천동 1441-13 3층일부, 7~10층","부산광역시 동래구 충렬대로 152, 3층일부,7~10층 (온천동)","47824","새봄병원","2026-01-23 09:43:34","U","2026-01-25 02:40:00","병원","389032.435200299","191467.148178726","병원","53","31","115","3507.11","120 104 102 101","내과, 신경과, 외과, 재활의학과","","","","0","0","","","0","","시군구",
"106","병원","01_01_01_P","3240000","PHMA220233240033021200001","2023-02-01","","01","영업/정상","13","영업중","","","","","02-473-1531","1792.32","","서울특별시 강동구 길동 412-10 SC MEDI TOWER","서울특별시 강동구 양재대로 1461, SC MEDI TOWER 2,4,5층 (길동)","05353","위드힘병원","2026-01-23 15:03:49","U","2026-01-25 02:40:00","병원","212221.342539571","448245.019790445","병원","23","30","65","1792.32","120 117 114 101","내과, 피부과, 방사선종양학과, 재활의학과","","","","0","0","","","0","","시군구",
"107","병원","01_01_01_P","5350000","PHMA220005350029021200001","2000-12-09","","01","영업/정상","13","영업중","","","","","055-330-4000","5799.74","","","경상남도 김해시 대청로104번길 80-1 (대청동)","51002","장유누가병원","2026-01-23 03:13:27","U","2026-01-25 02:40:00","정신병원","364401.846074076","189080.513192797","정신병원","21","54","299","5799.74","103","정신건강의학과","","","","0","0","","","0","","시군구",
"108","병원","01_01_01_P","5670000","PHMA220085270048021200003","2008-06-23","","01","영업/정상","13","영업중","","","","","055-259-1112","13423.57","","경상남도 창원시 의창구 북면 동전리 292","경상남도 창원시 의창구 북면 천주로 785-1","51106","행복한요양병원","2026-01-23 10:47:24","U","2026-01-25 02:40:00","요양병원(일반요양병원)","345510.112228632","203895.063957927","요양병원(일반요양병원)","47","69","287","13423.57","309 308 307 306 305 304 303 302 301 122 120 116 111 106 102 101","내과, 신경과, 신경외과, 소아청소년과, 영상의학과, 재활의학과, 가정의학과, 한방내과, 한방부인과, 한방소아과, 한방안·이비인후·피부과, 한방신경정신과, 한방재활의학과, 사상체질과, 침구과, 한방응급과","","","","0","0","","","0","","시군구",
"109","병원","01_01_01_P","5670000","PHMA220085280165021200004","2008-06-02","","01","영업/정상","13","영업중","","","","","055-220-7777","4273.32","631-442","경상남도 창원시 마산합포구 신포동2가 85번지 7호","경상남도 창원시 마산합포구 동서동2길 45 (신포동2가)","51720","의료법인위더스의료재단위더스병원","2026-01-23 17:45:29","U","2026-01-25 02:40:00","병원","343183.147985245","190340.124200519","병원","14","44","218","4273.32","308 122 120 101","내과, 재활의학과, 가정의학과, 침구과","","","","0","0","","","0","","시군구",
"110","병원","01_01_01_P","3740000","PHMA220083740032021200006","2008-12-10","","01","영업/정상","13","영업중","","","","","031-221-2222","2505.2","","경기도 수원시 권선구 고색동 950 골든프라자","경기도 수원시 권선구 오목천로152번길 68, 골든프라자 4층 (고색동)","16642","의료법인 사랑나무의료재단 서수원병원","2026-01-23 03:13:37","U","2026-01-25 02:40:00","정신병원","197976.786239943","415511.760672979","정신병원","8","31","155","2505.2","308 103","정신건강의학과, 침구과","","","","0","0","","","0","","시군구",
"111","병원","01_01_01_P","3930000","PHMA219973930154021200001","1997-02-19","","01","영업/정상","13","영업중","","","","","031-412-2200","4924.75","425-140","경기도 안산시단원구 선부동 1087-27, 28","경기도 안산시 단원구 선부로 201 (선부동)","15217","온누리병원","2026-01-23 09:06:30","U","2026-01-25 02:40:00","병원","183760.272038619","426671.427345841","병원","98","34","122","4924.75","116 111 109 105 104 102 101","내과, 신경과, 외과, 정형외과, 마취통증의학과, 소아청소년과, 영상의학과","","","","0","0","","","0","","시군구",
"112","병원","01_01_01_P","3980000","PHMA219953980021021200001","1995-06-03","","01","영업/정상","13","영업중","","","","","1644-9118","42616.24","471-854","경기도 구리시 교문1동 249번지 1호","경기도 구리시 경춘로 153 (교문동)","11923","한양대학교구리병원","2026-01-23 09:43:48","U","2026-01-25 02:40:00","종합병원","211626.577575206","455439.113115274","종합병원","885","119","533","42616.24","403 125 124 123 120 119 118 116 115 114 113 112 111 110 109 108 107 106 105 104 103 102 101","내과, 신경과, 정신건강의학과, 외과, 정형외과, 신경외과, 심장혈관흉부외과, 성형외과, 마취통증의학과, 산부인과, 소아청소년과, 안과, 이비인후과, 피부과, 비뇨의학과, 영상의학과, 병리과, 진단검사의학과, 재활의학과, 핵의학과, 직업환경의학과, 응급의학과, 치과보철과","","","","0","0","","","0","","시군구",
"113","병원","01_01_01_P","3980000","PHMA220033980021021200001","2003-04-01","","01","영업/정상","13","영업중","","","","","031-553-6650","3577.54","471-833","경기도 구리시 인창동 344번지 19호","경기도 구리시 건원대로 47 (인창동)","11918","윤서병원","2026-01-23 09:43:39","U","2026-01-25 02:40:00","병원","212247.474670381","455885.026895938","병원","35","32","136","3577.54","101 104 106 105 108 111 113 114 115 116 120 119 109 102","내과, 신경과, 외과, 정형외과, 신경외과, 성형외과, 마취통증의학과, 소아청소년과, 이비인후과, 피부과, 비뇨의학과, 영상의학과, 진단검사의학과, 재활의학과","","","","0","0","","","0","","시군구",
"114","병원","01_01_01_P","3980000","PHMA220123980021021200003","2012-10-10","","01","영업/정상","13","영업중","","","","","031-567-5700","2268","","","경기도 구리시 건원대로 95, 3,4,5,6층 (인창동, 인창프라자)","11918","오케이참병원","2026-01-23 09:44:00","U","2026-01-25 02:40:00","병원","212117.612552482","456344.486297734","병원","12","19","68","2268","122 116 115 114 113 111 109 106 105 104 102 101","내과, 신경과, 외과, 정형외과, 신경외과, 마취통증의학과, 소아청소년과, 이비인후과, 피부과, 비뇨의학과, 영상의학과, 가정의학과","","","","0","0","","","0","","시군구",
"115","병원","01_01_01_P","3740000","PHMA220123740033021200004","2012-12-22","","01","영업/정상","13","영업중","","","","","031-8005-9111","4398.11","","","경기도 수원시 팔달구 행궁로 102 (교동, 교동대한빌딩1층∼8층, 지하1,2층)","16463","하나병원","2026-01-23 06:13:40","U","2026-01-25 02:40:00","정신병원","201320.126540069","419027.089828735","정신병원","21","41","220","4398.11","101 102 103 122","내과, 신경과, 정신건강의학과, 가정의학과","","","","0","0","","","0","","시군구",
"116","병원","01_01_01_P","3930000","PHMA220183930154021200001","2018-10-16","","01","영업/정상","13","영업중","","","","","031-365-3500","2764.75","","","경기도 안산시 단원구 적금로 120, 안산상공회의소 2,3,4층 (고잔동)","15357","동의한방병원","2026-01-23 09:08:08","U","2026-01-25 02:40:00","한방병원","184541.48023096","424099.90238406","한방병원","19","30","93","2764.75","105 301 302 303 304 305 306 308","정형외과, 한방내과, 한방부인과, 한방소아과, 한방안·이비인후·피부과, 한방신경정신과, 한방재활의학과, 침구과","","","","0","0","","","0","","시군구",
"117","병원","01_01_01_P","3430000","PHMA220253430019021200001","2014-05-30","","01","영업/정상","13","영업중","","","","","053-628-9988","4064.2","","대구광역시 서구 비산동 398-10","대구광역시 서구 국채보상로 395, 현대요양병원 2~9층 (비산동)","41799","현대요양병원","2026-01-23 08:44:56","U","2026-01-25 02:40:00","요양병원(일반요양병원)","342115.100543387","264718.339997638","요양병원(일반요양병원)","42","45","214","4064.2","308 307 122 120 115 113 106 105 104 102 101","내과, 신경과, 외과, 정형외과, 신경외과, 이비인후과, 비뇨의학과, 재활의학과, 가정의학과, 사상체질과, 침구과","","","","0","0","","","0","","시군구",
"118","병원","01_01_01_P","3300000","PHMA220253300024021200001","2014-08-27","","01","영업/정상","13","영업중","","","","","051-714-4119","12790.46","","부산광역시 동래구 안락동 437-4","부산광역시 동래구 충렬대로 379 (안락동)","47797","워크재활병원","2026-01-23 09:44:43","U","2026-01-25 02:40:00","병원","391190.397699535","190734.698466138","병원","120","64","246","12790.46","120 101 102 111 114 122 113 115 110","내과, 신경과, 산부인과, 소아청소년과, 이비인후과, 피부과, 비뇨의학과, 재활의학과, 가정의학과","","","","0","0","","","0","","시군구",
"119","병원","01_01_01_P","3910000","PHMA220253910168021200001","2025-04-08","","01","영업/정상","13","영업중","","","","","031-657-7575","2344.44","","","경기도 평택시 서동대로 3708, 2~4층 (합정동)","17877","서울대본병원","2026-01-23 15:52:18","U","2026-01-25 02:40:00","병원","","","병원","32","17","61","2344.44","105 106 109 116 119","정형외과, 신경외과, 마취통증의학과, 영상의학과, 진단검사의학과","","","","0","0","","","0","","시군구",
"120","병원","01_01_01_P","3430000","PHMA220223430019021200001","2022-07-22","","01","영업/정상","13","영업중","","","","","053-353-8888","5100","","대구광역시 서구 비산동 1208-2","대구광역시 서구 팔달로 152, 7~12층 (비산동)","41715","팔달요양병원","2026-01-23 08:44:02","U","2026-01-25 02:40:00","요양병원(일반요양병원)","341387.683893086","266531.672766888","요양병원(일반요양병원)","32","52","241","5100","308 301 122 120 111 106 105 104 102 101","내과, 신경과, 외과, 정형외과, 신경외과, 소아청소년과, 재활의학과, 가정의학과, 한방내과, 침구과","","","","0","0","","","0","","시군구",
"121","병원","01_01_01_P","3860000","PHMA220113860273021200001","2011-06-17","","01","영업/정상","13","영업중","","","","","032-310-0100","4716","422-819","경기도 부천시 소사구 송내동 389-2번지","경기도 부천시 소사구 경인로 88, 지하1,1층,3~6층 (송내동)","14727","루카스병원","2026-01-23 01:44:20","U","2026-01-25 02:40:00","정신병원","179139.840814861","442401.038588236","정신병원","24","57","205","4716","122 120 116 103 102","신경과, 정신건강의학과, 영상의학과, 재활의학과, 가정의학과","","","","0","0","","","0","","시군구",
"122","병원","01_01_01_P","3930000","PHMA220233930154021200002","2023-12-14","","01","영업/정상","13","영업중","","","","","031-365-5248","1999.5","","","경기도 안산시 단원구 광덕대로 241 (고잔동)","15358","안산단원한방병원","2026-01-23 09:07:31","U","2026-01-25 02:40:00","한방병원","184835.616808042","424029.305281418","한방병원","16","15","40","1999.5","105 301 302 303 304 305 306 307 308","정형외과, 한방내과, 한방부인과, 한방소아과, 한방안·이비인후·피부과, 한방신경정신과, 한방재활의학과, 사상체질과, 침구과","","","","0","0","","","0","","시군구",
"123","병원","01_01_01_P","3930000","PHMA220093930154021200001","2009-01-07","","01","영업/정상","13","영업중","","","","","031-403-0909","3283.56","","경기도 안산시 단원구 초지동 743번지 4호 태영타운","경기도 안산시 단원구 원포공원1로 49, 태영타운 2,3층 209-219, 301-307호 (초지동)","15455","아너스요양병원","2026-01-23 09:07:01","U","2026-01-25 02:40:00","요양병원(일반요양병원)","183264.752382422","422289.893967731","요양병원(일반요양병원)","28","34","199","3283.56","120 122 101 102 301 104 103 125 126 106","내과, 신경과, 정신건강의학과, 외과, 신경외과, 재활의학과, 가정의학과, 응급의학과, 예방의학과, 한방내과","","","","0","0","","","0","","시군구",
"124","병원","01_01_01_P","3930000","PHMA220103930154021200004","2010-05-26","","01","영업/정상","13","영업중","","","","","031-406-7777","4029.39","","","경기도 안산시 단원구 원포공원로 54, 프라임아트 104~107호, 201호, 207호, 207-1호, 209호, 210호, 4층, 5층 (초지동)","15455","의료법인 효송의료재단 서안산노인전문병원","2026-01-23 09:06:15","U","2026-01-25 02:40:00","요양병원(일반요양병원)","183074.56183737","422385.334404634","요양병원(일반요양병원)","33","49","273","4029.39","101 104 105 106 113 114 120 122 301 302 303 308","내과, 외과, 정형외과, 신경외과, 이비인후과, 피부과, 재활의학과, 가정의학과, 한방내과, 한방부인과, 한방소아과, 침구과","","","","0","0","","","0","","시군구",
"125","병원","01_01_01_P","3930000","PHMA220073930154021200006","2007-11-28","","01","영업/정상","13","영업중","","","","","031-414-7233","2370.83","","경기도 안산시 단원구 초지동 745번지 서해프라자","경기도 안산시 단원구 원포공원1로 30, 서해프라자 5층,6층 일부(601,602)호 (초지동)","15457","안산효요양병원","2026-01-23 09:05:56","U","2026-01-25 02:40:00","요양병원(일반요양병원)","183379.619849692","422143.413283603","요양병원(일반요양병원)","22","25","172","2370.83","105 101 120 122 103 301 304 307 303 306 309 308 305 302 102","내과, 신경과, 정신건강의학과, 정형외과, 재활의학과, 가정의학과, 한방내과, 한방부인과, 한방소아과, 한방안·이비인후·피부과, 한방신경정신과, 한방재활의학과, 사상체질과, 침구과, 한방응급과","","","","0","0","","","0","","시군구",
"126","병원","01_01_01_P","3930000","PHMA220153930154021200003","2015-03-27","","01","영업/정상","13","영업중","","","","","1800-7575","10447.8","","","경기도 안산시 단원구 광덕대로 244, 2~13층 (고잔동)","15359","에이스병원","2026-01-23 09:06:46","U","2026-01-25 02:40:00","병원","","","병원","135","45","150","10447.8","101 102 105 106 109 116","내과, 신경과, 정형외과, 신경외과, 마취통증의학과, 영상의학과","","","","0","0","","","0","","시군구",
"127","병원","01_01_01_P","3930000","PHMA220063930154021200003","2006-10-13","","01","영업/정상","13","영업중","","","","","031-8040-1114","25269.78","425-830","경기도 안산시 단원구  1071번지 1호 / 1071-12 2층 전체,3층전체","경기도 안산시 단원구 선부광장로 103 (선부동)","15367","대아의료재단한도병원","2026-01-23 09:08:21","U","2026-01-25 02:40:00","종합병원","182880.808061497","425797.494188945","종합병원","357","102","361","25269.78","412 125 124 122 120 119 116 115 113 112 111 110 109 107 106 105 104 103 102 101","내과, 신경과, 정신건강의학과, 외과, 정형외과, 신경외과, 심장혈관흉부외과, 마취통증의학과, 산부인과, 소아청소년과, 안과, 이비인후과, 비뇨의학과, 영상의학과, 진단검사의학과, 재활의학과, 가정의학과, 직업환경의학과, 응급의학과, 통합치의학과","","","","0","0","","","0","","시군구",
"128","병원","01_01_01_P","4020000","PHMA220134020028021200001","2013-06-12","","01","영업/정상","13","영업중","","","","","031-389-3000","26199.78","","","경기도 군포시 군포로 591 (당동, (G샘병원)군포샘병원)","15839","효산의료재단 지샘병원","2026-01-23 11:35:32","U","2026-01-25 02:40:00","종합병원","195265.287882364","428515.923529867","종합병원","503","93","389","26199.78","101 102 103 104 105 106 107 109 110 111 112 113 115 116 117 118 119 120 122 123 124 125 301 402","내과, 신경과, 정신건강의학과, 외과, 정형외과, 신경외과, 심장혈관흉부외과, 마취통증의학과, 산부인과, 소아청소년과, 안과, 이비인후과, 비뇨의학과, 영상의학과, 방사선종양학과, 병리과, 진단검사의학과, 재활의학과, 가정의학과, 핵의학과, 직업환경의학과, 응급의학과, 한방내과, 구강악안면외과","","","","0","0","","","0","","시군구",
"129","병원","01_01_01_P","3930000","PHMA220083930154021200002","2008-03-01","","01","영업/정상","13","영업중","","","","","031-8040-6600","22327.69","","경기도 안산시 단원구 초지동 745-2 동의성단원병원","경기도 안산시 단원구 원포공원1로 20, 동의성단원병원 (초지동)","15457","의료법인 플러스의료재단 단원병원","2026-01-23 09:08:38","U","2026-01-25 02:40:00","종합병원","183372.493821792","422042.507943631","종합병원","355","106","370","22327.69","412 308 306 305 304 303 302 301 124 122 120 119 118 116 115 114 112 111 110 109 108 107 106 105 104 103 102 101","내과, 신경과, 정신건강의학과, 외과, 정형외과, 신경외과, 심장혈관흉부외과, 성형외과, 마취통증의학과, 산부인과, 소아청소년과, 안과, 피부과, 비뇨의학과, 영상의학과, 병리과, 진단검사의학과, 재활의학과, 가정의학과, 직업환경의학과, 한방내과, 한방부인과, 한방소아과, 한방안·이비인후·피부과, 한방신경정신과, 한방재활의학과, 침구과, 통합치의학과","","","","0","0","","","0","","시군구",
"130","병원","01_01_01_P","3190000","PHMA220013190033021200001","2001-03-07","","01","영업/정상","13","영업중","","","","","02-815-3788","4616.42","156-806","서울특별시 동작구 노량진동 311번지 8호 외 4필지","서울특별시 동작구 장승배기로 108 (노량진동)","06925","청화병원","2026-01-23 11:15:47","U","2026-01-25 02:40:00","병원","194640.513728351","444993.67767627","병원","35","30","53","4616.42","110 111","산부인과, 소아청소년과","","","","0","0","","","0","","시군구",
"131","병원","01_01_01_P","3190000","PHMA220043190033021200001","2004-12-01","","01","영업/정상","13","영업중","","","","","1800-1114","78966","156-755","서울특별시 동작구 흑석동 224번지 1호","서울특별시 동작구 흑석로 102 (흑석동)","06973","중앙대학교병원","2026-01-23 11:14:33","U","2026-01-25 02:40:00","종합병원","196469.839776813","444981.937930765","종합병원","1519","195","756","78966","407 404 403 402 125 123 122 120 119 118 117 116 115 114 113 112 111 110 109 108 107 106 105 104 103 102 101","내과, 신경과, 정신건강의학과, 외과, 정형외과, 신경외과, 심장혈관흉부외과, 성형외과, 마취통증의학과, 산부인과, 소아청소년과, 안과, 이비인후과, 피부과, 비뇨의학과, 영상의학과, 방사선종양학과, 병리과, 진단검사의학과, 재활의학과, 가정의학과, 핵의학과, 응급의학과, 구강악안면외과, 치과보철과, 치과교정과, 치과보존과","","","","0","0","","","0","","시군구",
"132","병원","01_01_01_P","3190000","PHMA220073190033021200002","2007-10-23","","01","영업/정상","13","영업중","","","","","02-848-0100","2337.69","156-854","서울특별시 동작구 신대방동 686번지 1호","서울특별시 동작구 시흥대로 634 (신대방동)","07072","의료법인에이치엠피의료재단녹십초요양병원","2026-01-23 11:17:13","U","2026-01-25 02:40:00","요양병원(일반요양병원)","191677.374890384","442912.575897947","요양병원(일반요양병원)","34","32","185","2337.69","122 101 104 102 120 301 304 306 308","내과, 신경과, 외과, 재활의학과, 가정의학과, 한방내과, 한방안·이비인후·피부과, 한방재활의학과, 침구과","","","","0","0","","","0","","시군구",
"133","병원","01_01_01_P","3190000","PHMA220083190033021200001","2008-12-15","","01","영업/정상","13","영업중","","","","","02-3445-7575","2564.32","","서울특별시 동작구 상도동 255번지 4호","서울특별시 동작구 성대로 43 (상도동, 우리빌딩)","06960","연세동작병원","2026-01-23 11:15:24","U","2026-01-25 02:40:00","병원","194064.994071226","444089.838269412","병원","19","31","99","2564.32","122 101","내과, 가정의학과","","","","0","0","","","0","","시군구",
"134","병원","01_01_01_P","3190000","PHMA220103190033021200001","2010-01-11","","01","영업/정상","13","영업중","","","","","02-523-1119","1860.53","","","서울특별시 동작구 동작대로 67 (사당동)","07014","낭만병원","2026-01-23 11:16:12","U","2026-01-25 02:40:00","병원","198290.516043124","442261.684257124","병원","21","9","41","1860.53","101 104 105 106 109 116","내과, 외과, 정형외과, 신경외과, 마취통증의학과, 영상의학과","","","","0","0","","","0","","시군구",
"135","병원","01_01_01_P","3190000","PHMA220113190033021200001","2011-03-07","","01","영업/정상","13","영업중","","","","","1544-8235","2207.54","","서울특별시 동작구 사당동 147번지 29호 3층 및 2,4층 일부","서울특별시 동작구 사당로 300, 2·4층일부및3  층 (사당동, 이수자이)","07013","연세바른병원","2026-01-23 11:16:02","U","2026-01-25 02:40:00","병원","198202.472533419","442471.241038085","병원","46","11","45","2207.54","101 105 106 116 109 120","내과, 정형외과, 신경외과, 마취통증의학과, 영상의학과, 재활의학과","","","","0","0","","","0","","시군구",
"136","병원","01_01_01_P","3190000","PHMA220153190033021200001","2015-05-12","","01","영업/정상","13","영업중","","","","","815-1085~6","1024.63","","서울특별시 동작구 신대방동 358-3","서울특별시 동작구 여의대방로22길 98, 1,2,3,5층 (신대방동)","07059","기분좋은한방병원","2026-01-23 11:16:39","U","2026-01-25 02:40:00","한방병원","193333.327454456","443949.726296945","한방병원","13","13","48","1024.63","308 307 306 305 304 303 302 301 122 120 114 110 105 101","내과, 정형외과, 산부인과, 피부과, 재활의학과, 가정의학과, 한방내과, 한방부인과, 한방소아과, 한방안·이비인후·피부과, 한방신경정신과, 한방재활의학과, 사상체질과, 침구과","","","","0","0","","","0","","시군구",
"137","병원","01_01_01_P","3190000","PHMA219913190033021200001","1991-11-16","","01","영업/정상","13","영업중","","","","","02-870-2114","76162.74","156-707","서울특별시 동작구 신대방동 425번지","서울특별시 동작구 보라매로5길 20 (신대방동)","07061","서울특별시보라매병원","2026-01-23 11:14:05","U","2026-01-25 02:40:00","종합병원","193235.493966882","443510.420778415","종합병원","1302","207","765","76162.74","407 406 404 403 402 125 124 123 122 120 119 118 117 116 115 114 113 112 111 110 109 108 107 106 105 104 103 102 101","내과, 신경과, 정신건강의학과, 외과, 정형외과, 신경외과, 심장혈관흉부외과, 성형외과, 마취통증의학과, 산부인과, 소아청소년과, 안과, 이비인후과, 피부과, 비뇨의학과, 영상의학과, 방사선종양학과, 병리과, 진단검사의학과, 재활의학과, 가정의학과, 핵의학과, 직업환경의학과, 응급의학과, 구강악안면외과, 치과보철과, 치과교정과, 치주과, 치과보존과","","","","0","0","","","0","","시군구",
"138","병원","01_01_01_P","3110000","PHMA219663110032021200001","1966-05-05","","01","영업/정상","13","영업중","","","","","02-300-8114","18406.28","","","서울특별시 은평구 백련산로 90 (응암동)","03476","서울특별시은평병원","2026-01-23 00:43:18","U","2026-01-25 02:40:00","정신병원","193192.019829273","454620.355721841","정신병원","120","40","163","18406.28","408 122 120 111 103 102 101","내과, 신경과, 정신건강의학과, 소아청소년과, 재활의학과, 가정의학과, 구강내과","","","","0","0","","","0","","시군구",
"139","병원","01_01_01_P","3060000","PHMA220133060034021200002","2013-12-24","","01","영업/정상","13","영업중","","","","","02-1899-8875","4487.53","","","서울특별시 중랑구 동일로 679 (면목동, 88병원)","02130","팔팔병원","2026-01-23 14:50:09","U","2026-01-25 02:40:00","병원","206970.931160172","454293.539072489","병원","58","15","86","4487.53","101 105 106 116 122","내과, 정형외과, 신경외과, 영상의학과, 가정의학과","","","","0","0","","","0","","시군구",
"140","병원","01_01_01_P","3060000","PHMA220163060034021200001","2016-05-02","","01","영업/정상","13","영업중","","","","","02-436-1900","2142.46","","","서울특별시 중랑구 면목로 310, 4,5,6,7층일부층 (면목동)","02249","서울정병원","2026-01-23 14:49:59","U","2026-01-25 02:40:00","병원","207702.839931452","453039.34552948","병원","10","9","53","2142.46","101 105 106 109 116","내과, 정형외과, 신경외과, 마취통증의학과, 영상의학과","","","","0","0","","","0","","시군구",
"141","병원","01_01_01_P","4641000","PHMA220184640131021200004","2018-05-10","","01","영업/정상","13","영업중","","","","","063-715-1300","6070.34","","전북특별자치도 전주시 완산구 효자동2가 1240번지 2호 우리들사랑요양병원","전북특별자치도 전주시 완산구 우전로 241, 우리들사랑요양병원 (효자동2가)","54965","우리들사랑요양병원","2026-01-23 10:36:33","U","2026-01-25 02:40:00","요양병원(일반요양병원)","209095.531663205","257322.437923879","요양병원(일반요양병원)","10","58","274","6070.34","308 302 122 120 110 107 106 104","외과, 신경외과, 심장혈관흉부외과, 산부인과, 재활의학과, 가정의학과, 한방부인과, 침구과","","","","0","0","","","0","","시도",
"142","병원","01_01_01_P","4090000","PHMA220224090023021200002","2022-06-09","","01","영업/정상","13","영업중","","","","","031-8049-7650","6193.01","","","경기도 김포시 통진읍 흥신로 320-10, 아너스힐병원","10035","아너스힐병원","2026-01-23 11:30:44","U","2026-01-25 02:40:00","병원","165408.796992948","464676.970996859","병원","40","54","177","6193.01","308 122 120 104 102 101","내과, 신경과, 외과, 재활의학과, 가정의학과, 침구과","","","","0","0","","","0","","시군구",
"143","병원","01_01_01_P","5690000","PHMA220245690249021200001","2024-11-27","","01","영업/정상","13","영업중","","","","","044-863-7775","3634","","세종특별자치시 대평동 694 알파메디컬센터","세종특별자치시 한누리대로 2275, 알파메디컬센터 4~6층 (대평동)","30153","강남세종한방병원","2026-01-23 10:55:50","U","2026-01-25 02:40:00","한방병원","224696.476293517","330098.658229467","한방병원","26","40","99","3634","308 306 301 122","가정의학과, 한방내과, 한방재활의학과, 침구과","","","","0","0","","","0","","시군구",
